plot_no,area_in_marla,plot_type,is_park_facing,is_cornered,status,total_value,received_value,remaining_value,block,sector,short_sector,short_block,is_main_boulevard,length,width,price
1,17,RESIDENTIAL,FALSE,TRUE,OPEN,,,,ABU BAKAR BLOCK,C,C,AB,FALSE,,,1999999
2,10.5,RESIDENTIAL,FALSE,FALSE,OPEN,,,,ABU BAKAR BLOCK,C,C,AB,FALSE,,,1999999
3,10.5,RESIDENTIAL,FALSE,FALSE,OPEN,,,,ABU BAKAR BLOCK,C,C,AB,FALSE,,,1999999
4,10.5,RESIDENTIAL,FALSE,FALSE,OPEN,,,,ABU BAKAR BLOCK,C,C,AB,FALSE,,,1999999
5,10.5,RESIDENTIAL,FALSE,FALSE,OPEN,,,,ABU BAKAR BLOCK,C,C,AB,FALSE,,,1999999
6,10.5,RESIDENTIAL,FALSE,FALSE,OPEN,,,,ABU BAKAR BLOCK,C,C,AB,FALSE,,,1999999
7,10.5,RESIDENTIAL,FALSE,FALSE,OPEN,,,,ABU BAKAR BLOCK,C,C,AB,FALSE,,,1999999
8,10.5,RESIDENTIAL,FALSE,FALSE,OPEN,,,,ABU BAKAR BLOCK,C,C,AB,FALSE,,,1999999
9,10.5,RESIDENTIAL,FALSE,FALSE,OPEN,,,,ABU BAKAR BLOCK,C,C,AB,FALSE,,,1999999
10,10.5,RESIDENTIAL,FALSE,FALSE,OPEN,,,,ABU BAKAR BLOCK,C,C,AB,FALSE,,,1999999
11,10.5,RESIDENTIAL,FALSE,FALSE,OPEN,,,,ABU BAKAR BLOCK,C,C,AB,FALSE,,,1999999
12,10.5,RESIDENTIAL,FALSE,FALSE,OPEN,,,,ABU BAKAR BLOCK,C,C,AB,FALSE,,,1999999
13,10.5,RESIDENTIAL,FALSE,FALSE,OPEN,,,,ABU BAKAR BLOCK,C,C,AB,FALSE,,,1999999
14,10.5,RESIDENTIAL,FALSE,FALSE,OPEN,,,,ABU BAKAR BLOCK,C,C,AB,FALSE,,,1999999
15,10.5,RESIDENTIAL,FALSE,FALSE,OPEN,,,,ABU BAKAR BLOCK,C,C,AB,FALSE,,,1999999
16,10.5,RESIDENTIAL,FALSE,FALSE,OPEN,,,,ABU BAKAR BLOCK,C,C,AB,FALSE,,,1999999
17,10.5,RESIDENTIAL,FALSE,FALSE,OPEN,,,,ABU BAKAR BLOCK,C,C,AB,FALSE,,,1999999
18,14,RESIDENTIAL,FALSE,TRUE,OPEN,,,,ABU BAKAR BLOCK,C,C,AB,FALSE,,,1999999
19,10.5,RESIDENTIAL,FALSE,FALSE,OPEN,,,,ABU BAKAR BLOCK,C,C,AB,FALSE,,,1999999
20,10.5,RESIDENTIAL,FALSE,FALSE,OPEN,,,,ABU BAKAR BLOCK,C,C,AB,FALSE,,,1999999
21,10.5,RESIDENTIAL,FALSE,FALSE,OPEN,,,,ABU BAKAR BLOCK,C,C,AB,FALSE,,,1999999
22,10.5,RESIDENTIAL,FALSE,FALSE,OPEN,,,,ABU BAKAR BLOCK,C,C,AB,FALSE,,,1999999
23,10.5,RESIDENTIAL,FALSE,FALSE,OPEN,,,,ABU BAKAR BLOCK,C,C,AB,FALSE,,,1999999
24,10.5,RESIDENTIAL,FALSE,FALSE,OPEN,,,,ABU BAKAR BLOCK,C,C,AB,FALSE,,,1999999
25,10.5,RESIDENTIAL,FALSE,FALSE,OPEN,,,,ABU BAKAR BLOCK,C,C,AB,FALSE,,,1999999
26,14,RESIDENTIAL,FALSE,TRUE,OPEN,,,,ABU BAKAR BLOCK,C,C,AB,FALSE,,,1999999
27,14,RESIDENTIAL,FALSE,TRUE,OPEN,,,,ABU BAKAR BLOCK,C,C,AB,FALSE,,,1999999
28,10.5,RESIDENTIAL,FALSE,FALSE,OPEN,,,,ABU BAKAR BLOCK,C,C,AB,FALSE,,,1999999
29,10.5,RESIDENTIAL,FALSE,FALSE,OPEN,,,,ABU BAKAR BLOCK,C,C,AB,FALSE,,,1999999
30,10.5,RESIDENTIAL,FALSE,FALSE,OPEN,,,,ABU BAKAR BLOCK,C,C,AB,FALSE,,,1999999
31,10.5,RESIDENTIAL,FALSE,FALSE,OPEN,,,,ABU BAKAR BLOCK,C,C,AB,FALSE,,,1999999
32,10.5,RESIDENTIAL,FALSE,FALSE,OPEN,,,,ABU BAKAR BLOCK,C,C,AB,FALSE,,,1999999
33,10.5,RESIDENTIAL,FALSE,FALSE,OPEN,,,,ABU BAKAR BLOCK,C,C,AB,FALSE,,,1999999
34,10.5,RESIDENTIAL,FALSE,FALSE,OPEN,,,,ABU BAKAR BLOCK,C,C,AB,FALSE,,,1999999
35,14,RESIDENTIAL,FALSE,TRUE,OPEN,,,,ABU BAKAR BLOCK,C,C,AB,FALSE,,,1999999
36,20,RESIDENTIAL,FALSE,TRUE,OPEN,,,,ABU BAKAR BLOCK,C,C,AB,FALSE,,,1999999
37,5,RESIDENTIAL,FALSE,FALSE,OPEN,,,,ABU BAKAR BLOCK,C,C,AB,FALSE,,,1999999
38,5,RESIDENTIAL,FALSE,TRUE,OPEN,,,,ABU BAKAR BLOCK,C,C,AB,FALSE,,,1999999
39,14,RESIDENTIAL,FALSE,TRUE,OPEN,,,,ABU BAKAR BLOCK,C,C,AB,FALSE,,,1999999
40,10.5,RESIDENTIAL,FALSE,FALSE,OPEN,,,,ABU BAKAR BLOCK,C,C,AB,FALSE,,,1999999
41,10.5,RESIDENTIAL,FALSE,FALSE,OPEN,,,,ABU BAKAR BLOCK,C,C,AB,FALSE,,,1999999
42,10.5,RESIDENTIAL,FALSE,FALSE,OPEN,,,,ABU BAKAR BLOCK,C,C,AB,FALSE,,,1999999
43,10.5,RESIDENTIAL,FALSE,FALSE,OPEN,,,,ABU BAKAR BLOCK,C,C,AB,FALSE,,,1999999
44,10.5,RESIDENTIAL,FALSE,FALSE,OPEN,,,,ABU BAKAR BLOCK,C,C,AB,FALSE,,,1999999
45,10.5,RESIDENTIAL,FALSE,FALSE,OPEN,,,,ABU BAKAR BLOCK,C,C,AB,FALSE,,,1999999
46,10.5,RESIDENTIAL,FALSE,FALSE,OPEN,,,,ABU BAKAR BLOCK,C,C,AB,FALSE,,,1999999
47,14,RESIDENTIAL,FALSE,TRUE,OPEN,,,,ABU BAKAR BLOCK,C,C,AB,FALSE,,,1999999
48,14,RESIDENTIAL,FALSE,TRUE,OPEN,,,,ABU BAKAR BLOCK,C,C,AB,FALSE,,,1999999
49,10.5,RESIDENTIAL,FALSE,FALSE,OPEN,,,,ABU BAKAR BLOCK,C,C,AB,FALSE,,,1999999
50,10.5,RESIDENTIAL,FALSE,FALSE,OPEN,,,,ABU BAKAR BLOCK,C,C,AB,FALSE,,,1999999
51,10.5,RESIDENTIAL,FALSE,FALSE,OPEN,,,,ABU BAKAR BLOCK,C,C,AB,FALSE,,,1999999
52,10.5,RESIDENTIAL,FALSE,FALSE,OPEN,,,,ABU BAKAR BLOCK,C,C,AB,FALSE,,,1999999
53,10.5,RESIDENTIAL,FALSE,FALSE,OPEN,,,,ABU BAKAR BLOCK,C,C,AB,FALSE,,,1999999
54,10.5,RESIDENTIAL,FALSE,FALSE,OPEN,,,,ABU BAKAR BLOCK,C,C,AB,FALSE,,,1999999
55,10.5,RESIDENTIAL,FALSE,FALSE,OPEN,,,,ABU BAKAR BLOCK,C,C,AB,FALSE,,,1999999
56,14,RESIDENTIAL,FALSE,TRUE,OPEN,,,,ABU BAKAR BLOCK,C,C,AB,FALSE,,,1999999
57,16,RESIDENTIAL,FALSE,FALSE,OPEN,,,,ABU BAKAR BLOCK,C,C,AB,FALSE,,,1999999
58,10.5,RESIDENTIAL,FALSE,FALSE,OPEN,,,,ABU BAKAR BLOCK,C,C,AB,FALSE,,,1999999
59,10.5,RESIDENTIAL,FALSE,FALSE,OPEN,,,,ABU BAKAR BLOCK,C,C,AB,FALSE,,,1999999
60,10.5,RESIDENTIAL,FALSE,FALSE,OPEN,,,,ABU BAKAR BLOCK,C,C,AB,FALSE,,,1999999
61,10.5,RESIDENTIAL,FALSE,FALSE,OPEN,,,,ABU BAKAR BLOCK,C,C,AB,FALSE,,,1999999
62,10.5,RESIDENTIAL,FALSE,FALSE,OPEN,,,,ABU BAKAR BLOCK,C,C,AB,FALSE,,,1999999
63,14,RESIDENTIAL,FALSE,TRUE,OPEN,,,,ABU BAKAR BLOCK,C,C,AB,FALSE,,,1999999
64,10.5,RESIDENTIAL,FALSE,FALSE,OPEN,,,,ABU BAKAR BLOCK,C,C,AB,FALSE,,,1999999
65,10.5,RESIDENTIAL,FALSE,FALSE,OPEN,,,,ABU BAKAR BLOCK,C,C,AB,FALSE,,,1999999
66,10.5,RESIDENTIAL,FALSE,FALSE,OPEN,,,,ABU BAKAR BLOCK,C,C,AB,FALSE,,,1999999
67,10.5,RESIDENTIAL,FALSE,FALSE,OPEN,,,,ABU BAKAR BLOCK,C,C,AB,FALSE,,,1999999
68,10.5,RESIDENTIAL,FALSE,FALSE,OPEN,,,,ABU BAKAR BLOCK,C,C,AB,FALSE,,,1999999
69,10.5,RESIDENTIAL,FALSE,FALSE,OPEN,,,,ABU BAKAR BLOCK,C,C,AB,FALSE,,,1999999
70,10.5,RESIDENTIAL,FALSE,FALSE,OPEN,,,,ABU BAKAR BLOCK,C,C,AB,FALSE,,,1999999
71,14,RESIDENTIAL,FALSE,TRUE,OPEN,,,,ABU BAKAR BLOCK,C,C,AB,FALSE,,,1999999
72,13,RESIDENTIAL,FALSE,TRUE,OPEN,,,,ABU BAKAR BLOCK,C,C,AB,FALSE,,,1999999
73,10.5,RESIDENTIAL,FALSE,FALSE,OPEN,,,,ABU BAKAR BLOCK,C,C,AB,FALSE,,,1999999
74,10.5,RESIDENTIAL,FALSE,FALSE,OPEN,,,,ABU BAKAR BLOCK,C,C,AB,FALSE,,,1999999
75,10.5,RESIDENTIAL,FALSE,FALSE,OPEN,,,,ABU BAKAR BLOCK,C,C,AB,FALSE,,,1999999
76,10.5,RESIDENTIAL,FALSE,FALSE,OPEN,,,,ABU BAKAR BLOCK,C,C,AB,FALSE,,,1999999
77,10.5,RESIDENTIAL,FALSE,FALSE,OPEN,,,,ABU BAKAR BLOCK,C,C,AB,FALSE,,,1999999
78,10.5,RESIDENTIAL,FALSE,FALSE,OPEN,,,,ABU BAKAR BLOCK,C,C,AB,FALSE,,,1999999
79,10.5,RESIDENTIAL,FALSE,FALSE,OPEN,,,,ABU BAKAR BLOCK,C,C,AB,FALSE,,,1999999
80,10.5,RESIDENTIAL,FALSE,FALSE,OPEN,,,,ABU BAKAR BLOCK,C,C,AB,FALSE,,,1999999
81,10.5,RESIDENTIAL,FALSE,FALSE,OPEN,,,,ABU BAKAR BLOCK,C,C,AB,FALSE,,,1999999
82,13,RESIDENTIAL,FALSE,TRUE,OPEN,,,,ABU BAKAR BLOCK,C,C,AB,FALSE,,,1999999
83,13,RESIDENTIAL,FALSE,TRUE,OPEN,,,,ABU BAKAR BLOCK,C,C,AB,FALSE,,,1999999
84,10.5,RESIDENTIAL,FALSE,FALSE,OPEN,,,,ABU BAKAR BLOCK,C,C,AB,FALSE,,,1999999
85,10.5,RESIDENTIAL,FALSE,FALSE,OPEN,,,,ABU BAKAR BLOCK,C,C,AB,FALSE,,,1999999
86,10.5,RESIDENTIAL,FALSE,FALSE,OPEN,,,,ABU BAKAR BLOCK,C,C,AB,FALSE,,,1999999
87,10.5,RESIDENTIAL,FALSE,FALSE,OPEN,,,,ABU BAKAR BLOCK,C,C,AB,FALSE,,,1999999
88,10.5,RESIDENTIAL,FALSE,FALSE,OPEN,,,,ABU BAKAR BLOCK,C,C,AB,FALSE,,,1999999
89,10.5,RESIDENTIAL,FALSE,FALSE,OPEN,,,,ABU BAKAR BLOCK,C,C,AB,FALSE,,,1999999
90,10.5,RESIDENTIAL,FALSE,FALSE,OPEN,,,,ABU BAKAR BLOCK,C,C,AB,FALSE,,,1999999
91,10.5,RESIDENTIAL,FALSE,FALSE,OPEN,,,,ABU BAKAR BLOCK,C,C,AB,FALSE,,,1999999
92,10.5,RESIDENTIAL,FALSE,FALSE,OPEN,,,,ABU BAKAR BLOCK,C,C,AB,FALSE,,,1999999
93,13,RESIDENTIAL,FALSE,TRUE,OPEN,,,,ABU BAKAR BLOCK,C,C,AB,FALSE,,,1999999
94,14,RESIDENTIAL,FALSE,TRUE,OPEN,,,,ABU BAKAR BLOCK,C,C,AB,FALSE,,,1999999
95,10.5,RESIDENTIAL,FALSE,FALSE,OPEN,,,,ABU BAKAR BLOCK,C,C,AB,FALSE,,,1999999
96,10.5,RESIDENTIAL,FALSE,FALSE,OPEN,,,,ABU BAKAR BLOCK,C,C,AB,FALSE,,,1999999
97,10.5,RESIDENTIAL,FALSE,FALSE,OPEN,,,,ABU BAKAR BLOCK,C,C,AB,FALSE,,,1999999
98,10.5,RESIDENTIAL,FALSE,FALSE,OPEN,,,,ABU BAKAR BLOCK,C,C,AB,FALSE,,,1999999
99,10.5,RESIDENTIAL,FALSE,FALSE,OPEN,,,,ABU BAKAR BLOCK,C,C,AB,FALSE,,,1999999
100,10.5,RESIDENTIAL,FALSE,FALSE,OPEN,,,,ABU BAKAR BLOCK,C,C,AB,FALSE,,,1999999
101,10.5,RESIDENTIAL,FALSE,FALSE,OPEN,,,,ABU BAKAR BLOCK,C,C,AB,FALSE,,,1999999
102,14,RESIDENTIAL,FALSE,TRUE,OPEN,,,,ABU BAKAR BLOCK,C,C,AB,FALSE,,,1999999
103,10.5,RESIDENTIAL,FALSE,FALSE,OPEN,,,,ABU BAKAR BLOCK,C,C,AB,FALSE,,,1999999
104,10.5,RESIDENTIAL,FALSE,FALSE,OPEN,,,,ABU BAKAR BLOCK,C,C,AB,FALSE,,,1999999
105,10.5,RESIDENTIAL,FALSE,FALSE,OPEN,,,,ABU BAKAR BLOCK,C,C,AB,FALSE,,,1999999
106,10.5,RESIDENTIAL,FALSE,FALSE,OPEN,,,,ABU BAKAR BLOCK,C,C,AB,FALSE,,,1999999
107,13,RESIDENTIAL,FALSE,TRUE,OPEN,,,,ABU BAKAR BLOCK,C,C,AB,FALSE,,,1999999
108,10.5,RESIDENTIAL,FALSE,FALSE,OPEN,,,,ABU BAKAR BLOCK,C,C,AB,FALSE,,,1999999
109,10.5,RESIDENTIAL,FALSE,FALSE,OPEN,,,,ABU BAKAR BLOCK,C,C,AB,FALSE,,,1999999
110,10.5,RESIDENTIAL,FALSE,FALSE,OPEN,,,,ABU BAKAR BLOCK,C,C,AB,FALSE,,,1999999
111,10.5,RESIDENTIAL,FALSE,FALSE,OPEN,,,,ABU BAKAR BLOCK,C,C,AB,FALSE,,,1999999
112,10.5,RESIDENTIAL,FALSE,FALSE,OPEN,,,,ABU BAKAR BLOCK,C,C,AB,FALSE,,,1999999
113,10.5,RESIDENTIAL,FALSE,FALSE,OPEN,,,,ABU BAKAR BLOCK,C,C,AB,FALSE,,,1999999
114,10.5,RESIDENTIAL,FALSE,FALSE,OPEN,,,,ABU BAKAR BLOCK,C,C,AB,FALSE,,,1999999
115,10.5,RESIDENTIAL,FALSE,FALSE,OPEN,,,,ABU BAKAR BLOCK,C,C,AB,FALSE,,,1999999
116,10.5,RESIDENTIAL,FALSE,FALSE,OPEN,,,,ABU BAKAR BLOCK,C,C,AB,FALSE,,,1999999
117,10.5,RESIDENTIAL,FALSE,FALSE,OPEN,,,,ABU BAKAR BLOCK,C,C,AB,FALSE,,,1999999
118,10.5,RESIDENTIAL,FALSE,FALSE,OPEN,,,,ABU BAKAR BLOCK,C,C,AB,FALSE,,,1999999
119,10.5,RESIDENTIAL,FALSE,FALSE,OPEN,,,,ABU BAKAR BLOCK,C,C,AB,FALSE,,,1999999
120,10.5,RESIDENTIAL,FALSE,FALSE,OPEN,,,,ABU BAKAR BLOCK,C,C,AB,FALSE,,,1999999
121,10.5,RESIDENTIAL,FALSE,FALSE,OPEN,,,,ABU BAKAR BLOCK,C,C,AB,FALSE,,,1999999
122,10.5,RESIDENTIAL,FALSE,FALSE,OPEN,,,,ABU BAKAR BLOCK,C,C,AB,FALSE,,,1999999
123,10.5,RESIDENTIAL,FALSE,FALSE,OPEN,,,,ABU BAKAR BLOCK,C,C,AB,FALSE,,,1999999
124,10.5,RESIDENTIAL,FALSE,FALSE,OPEN,,,,ABU BAKAR BLOCK,C,C,AB,FALSE,,,1999999
125,10.5,RESIDENTIAL,FALSE,FALSE,OPEN,,,,ABU BAKAR BLOCK,C,C,AB,FALSE,,,1999999
126,10.5,RESIDENTIAL,FALSE,FALSE,OPEN,,,,ABU BAKAR BLOCK,C,C,AB,FALSE,,,1999999
127,10.5,RESIDENTIAL,FALSE,FALSE,OPEN,,,,ABU BAKAR BLOCK,C,C,AB,FALSE,,,1999999
128,6.96,RESIDENTIAL,FALSE,TRUE,OPEN,,,,ABU BAKAR BLOCK,C,C,AB,FALSE,,,1999999
129,3,RESIDENTIAL,FALSE,FALSE,OPEN,,,,ABU BAKAR BLOCK,C,C,AB,FALSE,,,1999999
130,3,RESIDENTIAL,FALSE,FALSE,OPEN,,,,ABU BAKAR BLOCK,C,C,AB,FALSE,,,1999999
131,3,RESIDENTIAL,FALSE,FALSE,OPEN,,,,ABU BAKAR BLOCK,C,C,AB,FALSE,,,1999999
132,3,RESIDENTIAL,FALSE,FALSE,OPEN,,,,ABU BAKAR BLOCK,C,C,AB,FALSE,,,1999999
133,3,RESIDENTIAL,FALSE,FALSE,OPEN,,,,ABU BAKAR BLOCK,C,C,AB,FALSE,,,1999999
134,3,RESIDENTIAL,FALSE,FALSE,OPEN,,,,ABU BAKAR BLOCK,C,C,AB,FALSE,,,1999999
135,3,RESIDENTIAL,FALSE,FALSE,OPEN,,,,ABU BAKAR BLOCK,C,C,AB,FALSE,,,1999999
136,3,RESIDENTIAL,FALSE,FALSE,OPEN,,,,ABU BAKAR BLOCK,C,C,AB,FALSE,,,1999999
137,3,RESIDENTIAL,FALSE,FALSE,OPEN,,,,ABU BAKAR BLOCK,C,C,AB,FALSE,,,1999999
138,3,RESIDENTIAL,FALSE,FALSE,OPEN,,,,ABU BAKAR BLOCK,C,C,AB,FALSE,,,1999999
139,3,RESIDENTIAL,FALSE,FALSE,OPEN,,,,ABU BAKAR BLOCK,C,C,AB,FALSE,,,1999999
140,3,RESIDENTIAL,FALSE,FALSE,OPEN,,,,ABU BAKAR BLOCK,C,C,AB,FALSE,,,1999999
141,3,RESIDENTIAL,FALSE,FALSE,OPEN,,,,ABU BAKAR BLOCK,C,C,AB,FALSE,,,1999999
142,3,RESIDENTIAL,FALSE,FALSE,OPEN,,,,ABU BAKAR BLOCK,C,C,AB,FALSE,,,1999999
143,3,RESIDENTIAL,FALSE,FALSE,OPEN,,,,ABU BAKAR BLOCK,C,C,AB,FALSE,,,1999999
144,3,RESIDENTIAL,FALSE,FALSE,OPEN,,,,ABU BAKAR BLOCK,C,C,AB,FALSE,,,1999999
145,3,RESIDENTIAL,FALSE,FALSE,OPEN,,,,ABU BAKAR BLOCK,C,C,AB,FALSE,,,1999999
146,3,RESIDENTIAL,FALSE,FALSE,OPEN,,,,ABU BAKAR BLOCK,C,C,AB,FALSE,,,1999999
147,3,RESIDENTIAL,FALSE,FALSE,OPEN,,,,ABU BAKAR BLOCK,C,C,AB,FALSE,,,1999999
148,3,RESIDENTIAL,FALSE,FALSE,OPEN,,,,ABU BAKAR BLOCK,C,C,AB,FALSE,,,1999999
149,3,RESIDENTIAL,FALSE,FALSE,OPEN,,,,ABU BAKAR BLOCK,C,C,AB,FALSE,,,1999999
150,3,RESIDENTIAL,FALSE,FALSE,OPEN,,,,ABU BAKAR BLOCK,C,C,AB,FALSE,,,1999999
151,3,RESIDENTIAL,FALSE,FALSE,OPEN,,,,ABU BAKAR BLOCK,C,C,AB,FALSE,,,1999999
152,3,RESIDENTIAL,FALSE,FALSE,OPEN,,,,ABU BAKAR BLOCK,C,C,AB,FALSE,,,1999999
153,3,RESIDENTIAL,FALSE,FALSE,OPEN,,,,ABU BAKAR BLOCK,C,C,AB,FALSE,,,1999999
154,3,RESIDENTIAL,FALSE,FALSE,OPEN,,,,ABU BAKAR BLOCK,C,C,AB,FALSE,,,1999999
155,3,RESIDENTIAL,FALSE,FALSE,OPEN,,,,ABU BAKAR BLOCK,C,C,AB,FALSE,,,1999999
156,3,RESIDENTIAL,FALSE,FALSE,OPEN,,,,ABU BAKAR BLOCK,C,C,AB,FALSE,,,1999999
157,3,RESIDENTIAL,FALSE,FALSE,OPEN,,,,ABU BAKAR BLOCK,C,C,AB,FALSE,,,1999999
158,3,RESIDENTIAL,FALSE,FALSE,OPEN,,,,ABU BAKAR BLOCK,C,C,AB,FALSE,,,1999999
159,3,RESIDENTIAL,FALSE,FALSE,OPEN,,,,ABU BAKAR BLOCK,C,C,AB,FALSE,,,1999999
160,14,RESIDENTIAL,FALSE,FALSE,OPEN,,,,ABU BAKAR BLOCK,C,C,AB,FALSE,,,1999999
161,5,RESIDENTIAL,FALSE,FALSE,OPEN,,,,ABU BAKAR BLOCK,C,C,AB,FALSE,,,1999999
162,5,RESIDENTIAL,FALSE,FALSE,OPEN,,,,ABU BAKAR BLOCK,C,C,AB,FALSE,,,1999999
163,3,RESIDENTIAL,FALSE,TRUE,OPEN,,,,ABU BAKAR BLOCK,C,C,AB,FALSE,,,1999999
164,3,RESIDENTIAL,FALSE,FALSE,OPEN,,,,ABU BAKAR BLOCK,C,C,AB,FALSE,,,1999999
165,3,RESIDENTIAL,FALSE,FALSE,OPEN,,,,ABU BAKAR BLOCK,C,C,AB,FALSE,,,1999999
166,3,RESIDENTIAL,FALSE,FALSE,OPEN,,,,ABU BAKAR BLOCK,C,C,AB,FALSE,,,1999999
167,3,RESIDENTIAL,FALSE,FALSE,OPEN,,,,ABU BAKAR BLOCK,C,C,AB,FALSE,,,1999999
168,3,RESIDENTIAL,FALSE,FALSE,OPEN,,,,ABU BAKAR BLOCK,C,C,AB,FALSE,,,1999999
169,3,RESIDENTIAL,FALSE,FALSE,OPEN,,,,ABU BAKAR BLOCK,C,C,AB,FALSE,,,1999999
170,3,RESIDENTIAL,FALSE,FALSE,OPEN,,,,ABU BAKAR BLOCK,C,C,AB,FALSE,,,1999999
171,3,RESIDENTIAL,FALSE,FALSE,OPEN,,,,ABU BAKAR BLOCK,C,C,AB,FALSE,,,1999999
172,3,RESIDENTIAL,FALSE,FALSE,OPEN,,,,ABU BAKAR BLOCK,C,C,AB,FALSE,,,1999999
173,3,RESIDENTIAL,FALSE,FALSE,OPEN,,,,ABU BAKAR BLOCK,C,C,AB,FALSE,,,1999999
174,3,RESIDENTIAL,FALSE,FALSE,OPEN,,,,ABU BAKAR BLOCK,C,C,AB,FALSE,,,1999999
175,3,RESIDENTIAL,FALSE,FALSE,OPEN,,,,ABU BAKAR BLOCK,C,C,AB,FALSE,,,1999999
176,3,RESIDENTIAL,FALSE,FALSE,OPEN,,,,ABU BAKAR BLOCK,C,C,AB,FALSE,,,1999999
177,3,RESIDENTIAL,FALSE,FALSE,OPEN,,,,ABU BAKAR BLOCK,C,C,AB,FALSE,,,1999999
178,3,RESIDENTIAL,FALSE,FALSE,OPEN,,,,ABU BAKAR BLOCK,C,C,AB,FALSE,,,1999999
179,3,RESIDENTIAL,FALSE,FALSE,OPEN,,,,ABU BAKAR BLOCK,C,C,AB,FALSE,,,1999999
180,3,RESIDENTIAL,FALSE,FALSE,OPEN,,,,ABU BAKAR BLOCK,C,C,AB,FALSE,,,1999999
181,3,RESIDENTIAL,FALSE,FALSE,OPEN,,,,ABU BAKAR BLOCK,C,C,AB,FALSE,,,1999999
182,3,RESIDENTIAL,FALSE,FALSE,OPEN,,,,ABU BAKAR BLOCK,C,C,AB,FALSE,,,1999999
183,3,RESIDENTIAL,FALSE,FALSE,OPEN,,,,ABU BAKAR BLOCK,C,C,AB,FALSE,,,1999999
184,3,RESIDENTIAL,FALSE,FALSE,OPEN,,,,ABU BAKAR BLOCK,C,C,AB,FALSE,,,1999999
185,3,RESIDENTIAL,FALSE,FALSE,OPEN,,,,ABU BAKAR BLOCK,C,C,AB,FALSE,,,1999999
186,3,RESIDENTIAL,FALSE,FALSE,OPEN,,,,ABU BAKAR BLOCK,C,C,AB,FALSE,,,1999999
187,3,RESIDENTIAL,FALSE,FALSE,OPEN,,,,ABU BAKAR BLOCK,C,C,AB,FALSE,,,1999999
188,3,RESIDENTIAL,FALSE,FALSE,OPEN,,,,ABU BAKAR BLOCK,C,C,AB,FALSE,,,1999999
189,3,RESIDENTIAL,FALSE,FALSE,OPEN,,,,ABU BAKAR BLOCK,C,C,AB,FALSE,,,1999999
190,3,RESIDENTIAL,FALSE,FALSE,OPEN,,,,ABU BAKAR BLOCK,C,C,AB,FALSE,,,1999999
191,3,RESIDENTIAL,FALSE,FALSE,OPEN,,,,ABU BAKAR BLOCK,C,C,AB,FALSE,,,1999999
192,3,RESIDENTIAL,FALSE,FALSE,OPEN,,,,ABU BAKAR BLOCK,C,C,AB,FALSE,,,1999999
193,3,RESIDENTIAL,FALSE,FALSE,OPEN,,,,ABU BAKAR BLOCK,C,C,AB,FALSE,,,1999999
194,3,RESIDENTIAL,FALSE,FALSE,OPEN,,,,ABU BAKAR BLOCK,C,C,AB,FALSE,,,1999999
195,3,RESIDENTIAL,FALSE,FALSE,OPEN,,,,ABU BAKAR BLOCK,C,C,AB,FALSE,,,1999999
196,3,RESIDENTIAL,FALSE,FALSE,OPEN,,,,ABU BAKAR BLOCK,C,C,AB,FALSE,,,1999999
197,3,RESIDENTIAL,FALSE,FALSE,OPEN,,,,ABU BAKAR BLOCK,C,C,AB,FALSE,,,1999999
198,3,RESIDENTIAL,FALSE,FALSE,OPEN,,,,ABU BAKAR BLOCK,C,C,AB,FALSE,,,1999999
199,3,RESIDENTIAL,FALSE,FALSE,OPEN,,,,ABU BAKAR BLOCK,C,C,AB,FALSE,,,1999999
200,3,RESIDENTIAL,FALSE,FALSE,OPEN,,,,ABU BAKAR BLOCK,C,C,AB,FALSE,,,1999999
201,3,RESIDENTIAL,FALSE,FALSE,OPEN,,,,ABU BAKAR BLOCK,C,C,AB,FALSE,,,1999999
202,3,RESIDENTIAL,FALSE,FALSE,OPEN,,,,ABU BAKAR BLOCK,C,C,AB,FALSE,,,1999999
203,3,RESIDENTIAL,FALSE,TRUE,OPEN,,,,ABU BAKAR BLOCK,C,C,AB,FALSE,,,1999999
204,3,RESIDENTIAL,FALSE,FALSE,OPEN,,,,ABU BAKAR BLOCK,C,C,AB,FALSE,,,1999999
205,3,RESIDENTIAL,FALSE,FALSE,OPEN,,,,ABU BAKAR BLOCK,C,C,AB,FALSE,,,1999999
206,3,RESIDENTIAL,FALSE,FALSE,OPEN,,,,ABU BAKAR BLOCK,C,C,AB,FALSE,,,1999999
207,3,RESIDENTIAL,FALSE,FALSE,OPEN,,,,ABU BAKAR BLOCK,C,C,AB,FALSE,,,1999999
208,3,RESIDENTIAL,FALSE,FALSE,OPEN,,,,ABU BAKAR BLOCK,C,C,AB,FALSE,,,1999999
209,3,RESIDENTIAL,FALSE,FALSE,OPEN,,,,ABU BAKAR BLOCK,C,C,AB,FALSE,,,1999999
210,3,RESIDENTIAL,FALSE,FALSE,OPEN,,,,ABU BAKAR BLOCK,C,C,AB,FALSE,,,1999999
211,3,RESIDENTIAL,FALSE,FALSE,OPEN,,,,ABU BAKAR BLOCK,C,C,AB,FALSE,,,1999999
212,3,RESIDENTIAL,FALSE,FALSE,OPEN,,,,ABU BAKAR BLOCK,C,C,AB,FALSE,,,1999999
213,3,RESIDENTIAL,FALSE,FALSE,OPEN,,,,ABU BAKAR BLOCK,C,C,AB,FALSE,,,1999999
214,3,RESIDENTIAL,FALSE,FALSE,OPEN,,,,ABU BAKAR BLOCK,C,C,AB,FALSE,,,1999999
215,3,RESIDENTIAL,FALSE,FALSE,OPEN,,,,ABU BAKAR BLOCK,C,C,AB,FALSE,,,1999999
216,3,RESIDENTIAL,FALSE,TRUE,OPEN,,,,ABU BAKAR BLOCK,C,C,AB,FALSE,,,1999999
217,3,RESIDENTIAL,FALSE,FALSE,OPEN,,,,ABU BAKAR BLOCK,C,C,AB,FALSE,,,1999999
218,3,RESIDENTIAL,FALSE,FALSE,OPEN,,,,ABU BAKAR BLOCK,C,C,AB,FALSE,,,1999999
219,3,RESIDENTIAL,FALSE,FALSE,OPEN,,,,ABU BAKAR BLOCK,C,C,AB,FALSE,,,1999999
220,3,RESIDENTIAL,FALSE,FALSE,OPEN,,,,ABU BAKAR BLOCK,C,C,AB,FALSE,,,1999999
221,3,RESIDENTIAL,FALSE,FALSE,OPEN,,,,ABU BAKAR BLOCK,C,C,AB,FALSE,,,1999999
222,3,RESIDENTIAL,FALSE,FALSE,OPEN,,,,ABU BAKAR BLOCK,C,C,AB,FALSE,,,1999999
223,3,RESIDENTIAL,FALSE,FALSE,OPEN,,,,ABU BAKAR BLOCK,C,C,AB,FALSE,,,1999999
224,3,RESIDENTIAL,FALSE,FALSE,OPEN,,,,ABU BAKAR BLOCK,C,C,AB,FALSE,,,1999999
225,3,RESIDENTIAL,FALSE,FALSE,OPEN,,,,ABU BAKAR BLOCK,C,C,AB,FALSE,,,1999999
226,3,RESIDENTIAL,FALSE,FALSE,OPEN,,,,ABU BAKAR BLOCK,C,C,AB,FALSE,,,1999999
1,10,RESIDENTIAL,FALSE,TRUE,OPEN,,,,ALI UL MURTAZA BLOCK,C,C,AM,FALSE,,,1999999
2,8,RESIDENTIAL,FALSE,FALSE,OPEN,,,,ALI UL MURTAZA BLOCK,C,C,AM,FALSE,,,1999999
3,8,RESIDENTIAL,FALSE,FALSE,OPEN,,,,ALI UL MURTAZA BLOCK,C,C,AM,FALSE,,,1999999
4,8,RESIDENTIAL,FALSE,FALSE,OPEN,,,,ALI UL MURTAZA BLOCK,C,C,AM,FALSE,,,1999999
5,8,RESIDENTIAL,FALSE,FALSE,OPEN,,,,ALI UL MURTAZA BLOCK,C,C,AM,FALSE,,,1999999
6,8,RESIDENTIAL,FALSE,FALSE,OPEN,,,,ALI UL MURTAZA BLOCK,C,C,AM,FALSE,,,1999999
7,8,RESIDENTIAL,FALSE,FALSE,OPEN,,,,ALI UL MURTAZA BLOCK,C,C,AM,FALSE,,,1999999
8,8,RESIDENTIAL,FALSE,FALSE,OPEN,,,,ALI UL MURTAZA BLOCK,C,C,AM,FALSE,,,1999999
9,8,RESIDENTIAL,FALSE,FALSE,OPEN,,,,ALI UL MURTAZA BLOCK,C,C,AM,FALSE,,,1999999
10,8,RESIDENTIAL,FALSE,FALSE,OPEN,,,,ALI UL MURTAZA BLOCK,C,C,AM,FALSE,,,1999999
11,8,RESIDENTIAL,FALSE,TRUE,OPEN,,,,ALI UL MURTAZA BLOCK,C,C,AM,FALSE,,,1999999
12,8,RESIDENTIAL,FALSE,TRUE,OPEN,,,,ALI UL MURTAZA BLOCK,C,C,AM,FALSE,,,1999999
13,8,RESIDENTIAL,FALSE,FALSE,OPEN,,,,ALI UL MURTAZA BLOCK,C,C,AM,FALSE,,,1999999
14,8,RESIDENTIAL,FALSE,FALSE,OPEN,,,,ALI UL MURTAZA BLOCK,C,C,AM,FALSE,,,1999999
15,8,RESIDENTIAL,FALSE,FALSE,OPEN,,,,ALI UL MURTAZA BLOCK,C,C,AM,FALSE,,,1999999
16,8,RESIDENTIAL,FALSE,FALSE,OPEN,,,,ALI UL MURTAZA BLOCK,C,C,AM,FALSE,,,1999999
17,8,RESIDENTIAL,FALSE,FALSE,OPEN,,,,ALI UL MURTAZA BLOCK,C,C,AM,FALSE,,,1999999
18,8,RESIDENTIAL,FALSE,FALSE,OPEN,,,,ALI UL MURTAZA BLOCK,C,C,AM,FALSE,,,1999999
19,8,RESIDENTIAL,FALSE,FALSE,OPEN,,,,ALI UL MURTAZA BLOCK,C,C,AM,FALSE,,,1999999
20,8,RESIDENTIAL,FALSE,FALSE,OPEN,,,,ALI UL MURTAZA BLOCK,C,C,AM,FALSE,,,1999999
21,8,RESIDENTIAL,FALSE,FALSE,OPEN,,,,ALI UL MURTAZA BLOCK,C,C,AM,FALSE,,,1999999
22,10,RESIDENTIAL,FALSE,TRUE,OPEN,,,,ALI UL MURTAZA BLOCK,C,C,AM,FALSE,,,1999999
23,10,RESIDENTIAL,FALSE,TRUE,OPEN,,,,ALI UL MURTAZA BLOCK,C,C,AM,FALSE,,,1999999
24,5,RESIDENTIAL,FALSE,FALSE,OPEN,,,,ALI UL MURTAZA BLOCK,C,C,AM,FALSE,,,1999999
25,5,RESIDENTIAL,FALSE,FALSE,OPEN,,,,ALI UL MURTAZA BLOCK,C,C,AM,FALSE,,,1999999
26,5,RESIDENTIAL,FALSE,FALSE,OPEN,,,,ALI UL MURTAZA BLOCK,C,C,AM,FALSE,,,1999999
27,5,RESIDENTIAL,FALSE,FALSE,OPEN,,,,ALI UL MURTAZA BLOCK,C,C,AM,FALSE,,,1999999
28,5,RESIDENTIAL,FALSE,FALSE,OPEN,,,,ALI UL MURTAZA BLOCK,C,C,AM,FALSE,,,1999999
29,5,RESIDENTIAL,FALSE,FALSE,OPEN,,,,ALI UL MURTAZA BLOCK,C,C,AM,FALSE,,,1999999
30,5,RESIDENTIAL,FALSE,FALSE,OPEN,,,,ALI UL MURTAZA BLOCK,C,C,AM,FALSE,,,1999999
31,5,RESIDENTIAL,FALSE,FALSE,OPEN,,,,ALI UL MURTAZA BLOCK,C,C,AM,FALSE,,,1999999
32,5,RESIDENTIAL,FALSE,FALSE,OPEN,,,,ALI UL MURTAZA BLOCK,C,C,AM,FALSE,,,1999999
33,5,RESIDENTIAL,FALSE,FALSE,OPEN,,,,ALI UL MURTAZA BLOCK,C,C,AM,FALSE,,,1999999
34,5,RESIDENTIAL,FALSE,FALSE,OPEN,,,,ALI UL MURTAZA BLOCK,C,C,AM,FALSE,,,1999999
35,6,RESIDENTIAL,FALSE,TRUE,OPEN,,,,ALI UL MURTAZA BLOCK,C,C,AM,FALSE,,,1999999
36,10,RESIDENTIAL,FALSE,TRUE,OPEN,,,,ALI UL MURTAZA BLOCK,C,C,AM,FALSE,,,1999999
37,7,RESIDENTIAL,FALSE,FALSE,OPEN,,,,ALI UL MURTAZA BLOCK,C,C,AM,FALSE,,,1999999
38,7,RESIDENTIAL,FALSE,FALSE,OPEN,,,,ALI UL MURTAZA BLOCK,C,C,AM,FALSE,,,1999999
39,7,RESIDENTIAL,FALSE,FALSE,OPEN,,,,ALI UL MURTAZA BLOCK,C,C,AM,FALSE,,,1999999
40,7,RESIDENTIAL,FALSE,FALSE,OPEN,,,,ALI UL MURTAZA BLOCK,C,C,AM,FALSE,,,1999999
41,7,RESIDENTIAL,FALSE,FALSE,OPEN,,,,ALI UL MURTAZA BLOCK,C,C,AM,FALSE,,,1999999
42,7,RESIDENTIAL,FALSE,FALSE,OPEN,,,,ALI UL MURTAZA BLOCK,C,C,AM,FALSE,,,1999999
43,7,RESIDENTIAL,FALSE,FALSE,OPEN,,,,ALI UL MURTAZA BLOCK,C,C,AM,FALSE,,,1999999
44,7,RESIDENTIAL,FALSE,FALSE,OPEN,,,,ALI UL MURTAZA BLOCK,C,C,AM,FALSE,,,1999999
45,7,RESIDENTIAL,FALSE,FALSE,OPEN,,,,ALI UL MURTAZA BLOCK,C,C,AM,FALSE,,,1999999
46,10,RESIDENTIAL,FALSE,TRUE,OPEN,,,,ALI UL MURTAZA BLOCK,C,C,AM,FALSE,,,1999999
47,7,RESIDENTIAL,FALSE,TRUE,OPEN,,,,ALI UL MURTAZA BLOCK,C,C,AM,FALSE,,,1999999
48,5,RESIDENTIAL,FALSE,FALSE,OPEN,,,,ALI UL MURTAZA BLOCK,C,C,AM,FALSE,,,1999999
49,5,RESIDENTIAL,FALSE,FALSE,OPEN,,,,ALI UL MURTAZA BLOCK,C,C,AM,FALSE,,,1999999
50,5,RESIDENTIAL,FALSE,FALSE,OPEN,,,,ALI UL MURTAZA BLOCK,C,C,AM,FALSE,,,1999999
51,5,RESIDENTIAL,FALSE,FALSE,OPEN,,,,ALI UL MURTAZA BLOCK,C,C,AM,FALSE,,,1999999
52,5,RESIDENTIAL,FALSE,FALSE,OPEN,,,,ALI UL MURTAZA BLOCK,C,C,AM,FALSE,,,1999999
53,5,RESIDENTIAL,FALSE,FALSE,OPEN,,,,ALI UL MURTAZA BLOCK,C,C,AM,FALSE,,,1999999
54,5,RESIDENTIAL,FALSE,FALSE,OPEN,,,,ALI UL MURTAZA BLOCK,C,C,AM,FALSE,,,1999999
55,5,RESIDENTIAL,FALSE,FALSE,OPEN,,,,ALI UL MURTAZA BLOCK,C,C,AM,FALSE,,,1999999
56,5,RESIDENTIAL,FALSE,FALSE,OPEN,,,,ALI UL MURTAZA BLOCK,C,C,AM,FALSE,,,1999999
57,5,RESIDENTIAL,FALSE,FALSE,OPEN,,,,ALI UL MURTAZA BLOCK,C,C,AM,FALSE,,,1999999
58,5,RESIDENTIAL,FALSE,FALSE,OPEN,,,,ALI UL MURTAZA BLOCK,C,C,AM,FALSE,,,1999999
59,7,RESIDENTIAL,FALSE,TRUE,OPEN,,,,ALI UL MURTAZA BLOCK,C,C,AM,FALSE,,,1999999
60,7,RESIDENTIAL,FALSE,TRUE,OPEN,,,,ALI UL MURTAZA BLOCK,C,C,AM,FALSE,,,1999999
61,5,RESIDENTIAL,FALSE,FALSE,OPEN,,,,ALI UL MURTAZA BLOCK,C,C,AM,FALSE,,,1999999
62,5,RESIDENTIAL,FALSE,FALSE,OPEN,,,,ALI UL MURTAZA BLOCK,C,C,AM,FALSE,,,1999999
63,5,RESIDENTIAL,FALSE,FALSE,OPEN,,,,ALI UL MURTAZA BLOCK,C,C,AM,FALSE,,,1999999
64,5,RESIDENTIAL,FALSE,FALSE,OPEN,,,,ALI UL MURTAZA BLOCK,C,C,AM,FALSE,,,1999999
65,5,RESIDENTIAL,FALSE,FALSE,OPEN,,,,ALI UL MURTAZA BLOCK,C,C,AM,FALSE,,,1999999
66,5,RESIDENTIAL,FALSE,FALSE,OPEN,,,,ALI UL MURTAZA BLOCK,C,C,AM,FALSE,,,1999999
67,5,RESIDENTIAL,FALSE,FALSE,OPEN,,,,ALI UL MURTAZA BLOCK,C,C,AM,FALSE,,,1999999
68,5,RESIDENTIAL,FALSE,FALSE,OPEN,,,,ALI UL MURTAZA BLOCK,C,C,AM,FALSE,,,1999999
69,5,RESIDENTIAL,FALSE,FALSE,OPEN,,,,ALI UL MURTAZA BLOCK,C,C,AM,FALSE,,,1999999
70,5,RESIDENTIAL,FALSE,FALSE,OPEN,,,,ALI UL MURTAZA BLOCK,C,C,AM,FALSE,,,1999999
71,5,RESIDENTIAL,FALSE,FALSE,OPEN,,,,ALI UL MURTAZA BLOCK,C,C,AM,FALSE,,,1999999
72,5,RESIDENTIAL,FALSE,FALSE,OPEN,,,,ALI UL MURTAZA BLOCK,C,C,AM,FALSE,,,1999999
73,20,RESIDENTIAL,FALSE,TRUE,OPEN,,,,ALI UL MURTAZA BLOCK,C,C,AM,FALSE,,,1999999
74,20,RESIDENTIAL,FALSE,TRUE,OPEN,,,,ALI UL MURTAZA BLOCK,C,C,AM,FALSE,,,1999999
75,5,RESIDENTIAL,FALSE,FALSE,OPEN,,,,ALI UL MURTAZA BLOCK,C,C,AM,FALSE,,,1999999
76,5,RESIDENTIAL,FALSE,FALSE,OPEN,,,,ALI UL MURTAZA BLOCK,C,C,AM,FALSE,,,1999999
77,5,RESIDENTIAL,FALSE,FALSE,OPEN,,,,ALI UL MURTAZA BLOCK,C,C,AM,FALSE,,,1999999
78,5,RESIDENTIAL,FALSE,FALSE,OPEN,,,,ALI UL MURTAZA BLOCK,C,C,AM,FALSE,,,1999999
79,5,RESIDENTIAL,FALSE,FALSE,OPEN,,,,ALI UL MURTAZA BLOCK,C,C,AM,FALSE,,,1999999
80,5,RESIDENTIAL,FALSE,FALSE,OPEN,,,,ALI UL MURTAZA BLOCK,C,C,AM,FALSE,,,1999999
81,5,RESIDENTIAL,FALSE,FALSE,OPEN,,,,ALI UL MURTAZA BLOCK,C,C,AM,FALSE,,,1999999
82,5,RESIDENTIAL,FALSE,FALSE,OPEN,,,,ALI UL MURTAZA BLOCK,C,C,AM,FALSE,,,1999999
83,5,RESIDENTIAL,FALSE,FALSE,OPEN,,,,ALI UL MURTAZA BLOCK,C,C,AM,FALSE,,,1999999
84,5,RESIDENTIAL,FALSE,FALSE,OPEN,,,,ALI UL MURTAZA BLOCK,C,C,AM,FALSE,,,1999999
85,5,RESIDENTIAL,FALSE,FALSE,OPEN,,,,ALI UL MURTAZA BLOCK,C,C,AM,FALSE,,,1999999
86,5,RESIDENTIAL,FALSE,FALSE,OPEN,,,,ALI UL MURTAZA BLOCK,C,C,AM,FALSE,,,1999999
87,7,RESIDENTIAL,FALSE,TRUE,OPEN,,,,ALI UL MURTAZA BLOCK,C,C,AM,FALSE,,,1999999
88,7,RESIDENTIAL,FALSE,TRUE,OPEN,,,,ALI UL MURTAZA BLOCK,C,C,AM,FALSE,,,1999999
89,5,RESIDENTIAL,FALSE,FALSE,OPEN,,,,ALI UL MURTAZA BLOCK,C,C,AM,FALSE,,,1999999
90,5,RESIDENTIAL,FALSE,FALSE,OPEN,,,,ALI UL MURTAZA BLOCK,C,C,AM,FALSE,,,1999999
91,5,RESIDENTIAL,FALSE,FALSE,OPEN,,,,ALI UL MURTAZA BLOCK,C,C,AM,FALSE,,,1999999
92,5,RESIDENTIAL,FALSE,FALSE,OPEN,,,,ALI UL MURTAZA BLOCK,C,C,AM,FALSE,,,1999999
93,5,RESIDENTIAL,FALSE,FALSE,OPEN,,,,ALI UL MURTAZA BLOCK,C,C,AM,FALSE,,,1999999
94,5,RESIDENTIAL,FALSE,FALSE,OPEN,,,,ALI UL MURTAZA BLOCK,C,C,AM,FALSE,,,1999999
95,5,RESIDENTIAL,FALSE,FALSE,OPEN,,,,ALI UL MURTAZA BLOCK,C,C,AM,FALSE,,,1999999
96,5,RESIDENTIAL,FALSE,FALSE,OPEN,,,,ALI UL MURTAZA BLOCK,C,C,AM,FALSE,,,1999999
97,5,RESIDENTIAL,FALSE,FALSE,OPEN,,,,ALI UL MURTAZA BLOCK,C,C,AM,FALSE,,,1999999
98,5,RESIDENTIAL,FALSE,FALSE,OPEN,,,,ALI UL MURTAZA BLOCK,C,C,AM,FALSE,,,1999999
99,5,RESIDENTIAL,FALSE,FALSE,OPEN,,,,ALI UL MURTAZA BLOCK,C,C,AM,FALSE,,,1999999
100,5,RESIDENTIAL,FALSE,FALSE,OPEN,,,,ALI UL MURTAZA BLOCK,C,C,AM,FALSE,,,28767897
101,20,RESIDENTIAL,FALSE,TRUE,OPEN,,,,ALI UL MURTAZA BLOCK,C,C,AM,FALSE,,,28767897
102,20,RESIDENTIAL,FALSE,TRUE,OPEN,,,,ALI UL MURTAZA BLOCK,C,C,AM,FALSE,,,28767897
103,20,RESIDENTIAL,FALSE,TRUE,OPEN,,,,ALI UL MURTAZA BLOCK,C,C,AM,FALSE,,,28767897
104,20,RESIDENTIAL,FALSE,FALSE,OPEN,,,,ALI UL MURTAZA BLOCK,C,C,AM,FALSE,,,28767897
105,20,RESIDENTIAL,FALSE,FALSE,OPEN,,,,ALI UL MURTAZA BLOCK,C,C,AM,FALSE,,,28767897
106,20,RESIDENTIAL,FALSE,FALSE,OPEN,,,,ALI UL MURTAZA BLOCK,C,C,AM,FALSE,,,28767897
107,20,RESIDENTIAL,FALSE,FALSE,OPEN,,,,ALI UL MURTAZA BLOCK,C,C,AM,FALSE,,,28767897
108,20,RESIDENTIAL,FALSE,FALSE,OPEN,,,,ALI UL MURTAZA BLOCK,C,C,AM,FALSE,,,28767897
109,20,RESIDENTIAL,FALSE,FALSE,OPEN,,,,ALI UL MURTAZA BLOCK,C,C,AM,FALSE,,,28767897
110,20,RESIDENTIAL,FALSE,FALSE,OPEN,,,,ALI UL MURTAZA BLOCK,C,C,AM,FALSE,,,28767897
111,20,RESIDENTIAL,FALSE,FALSE,OPEN,,,,ALI UL MURTAZA BLOCK,C,C,AM,FALSE,,,28767897
112,20,RESIDENTIAL,FALSE,FALSE,OPEN,,,,ALI UL MURTAZA BLOCK,C,C,AM,FALSE,,,28767897
113,20,RESIDENTIAL,FALSE,TRUE,OPEN,,,,ALI UL MURTAZA BLOCK,C,C,AM,FALSE,,,28767897
114,5,RESIDENTIAL,FALSE,TRUE,OPEN,,,,ALI UL MURTAZA BLOCK,C,C,AM,FALSE,,,28767897
115,5,RESIDENTIAL,FALSE,FALSE,OPEN,,,,ALI UL MURTAZA BLOCK,C,C,AM,FALSE,,,28767897
116,5,RESIDENTIAL,FALSE,FALSE,OPEN,,,,ALI UL MURTAZA BLOCK,C,C,AM,FALSE,,,28767897
117,5,RESIDENTIAL,FALSE,FALSE,OPEN,,,,ALI UL MURTAZA BLOCK,C,C,AM,FALSE,,,28767897
118,5,RESIDENTIAL,FALSE,FALSE,OPEN,,,,ALI UL MURTAZA BLOCK,C,C,AM,FALSE,,,28767897
119,5,RESIDENTIAL,FALSE,FALSE,OPEN,,,,ALI UL MURTAZA BLOCK,C,C,AM,FALSE,,,28767897
120,7,RESIDENTIAL,FALSE,FALSE,OPEN,,,,ALI UL MURTAZA BLOCK,C,C,AM,FALSE,,,28767897
121,8,RESIDENTIAL,FALSE,TRUE,OPEN,,,,ALI UL MURTAZA BLOCK,C,C,AM,FALSE,,,28767897
122,5,RESIDENTIAL,FALSE,FALSE,OPEN,,,,ALI UL MURTAZA BLOCK,C,C,AM,FALSE,,,28767897
123,5,RESIDENTIAL,FALSE,FALSE,OPEN,,,,ALI UL MURTAZA BLOCK,C,C,AM,FALSE,,,28767897
124,5,RESIDENTIAL,FALSE,FALSE,OPEN,,,,ALI UL MURTAZA BLOCK,C,C,AM,FALSE,,,28767897
125,5,RESIDENTIAL,FALSE,FALSE,OPEN,,,,ALI UL MURTAZA BLOCK,C,C,AM,FALSE,,,28767897
126,5,RESIDENTIAL,FALSE,FALSE,OPEN,,,,ALI UL MURTAZA BLOCK,C,C,AM,FALSE,,,28767897
127,5,RESIDENTIAL,FALSE,FALSE,OPEN,,,,ALI UL MURTAZA BLOCK,C,C,AM,FALSE,,,28767897
128,5,RESIDENTIAL,FALSE,FALSE,OPEN,,,,ALI UL MURTAZA BLOCK,C,C,AM,FALSE,,,28767897
129,5,RESIDENTIAL,FALSE,FALSE,OPEN,,,,ALI UL MURTAZA BLOCK,C,C,AM,FALSE,,,28767897
130,5,RESIDENTIAL,FALSE,FALSE,OPEN,,,,ALI UL MURTAZA BLOCK,C,C,AM,FALSE,,,28767897
131,5,RESIDENTIAL,FALSE,FALSE,OPEN,,,,ALI UL MURTAZA BLOCK,C,C,AM,FALSE,,,28767897
132,5,RESIDENTIAL,FALSE,FALSE,OPEN,,,,ALI UL MURTAZA BLOCK,C,C,AM,FALSE,,,28767897
133,5,RESIDENTIAL,FALSE,FALSE,OPEN,,,,ALI UL MURTAZA BLOCK,C,C,AM,FALSE,,,28767897
134,5,RESIDENTIAL,FALSE,FALSE,OPEN,,,,ALI UL MURTAZA BLOCK,C,C,AM,FALSE,,,28767897
135,5,RESIDENTIAL,FALSE,FALSE,OPEN,,,,ALI UL MURTAZA BLOCK,C,C,AM,FALSE,,,28767897
136,5,RESIDENTIAL,FALSE,FALSE,OPEN,,,,ALI UL MURTAZA BLOCK,C,C,AM,FALSE,,,28767897
137,5,RESIDENTIAL,FALSE,FALSE,OPEN,,,,ALI UL MURTAZA BLOCK,C,C,AM,FALSE,,,28767897
138,5,RESIDENTIAL,FALSE,FALSE,OPEN,,,,ALI UL MURTAZA BLOCK,C,C,AM,FALSE,,,28767897
139,5,RESIDENTIAL,FALSE,FALSE,OPEN,,,,ALI UL MURTAZA BLOCK,C,C,AM,FALSE,,,28767897
140,5,RESIDENTIAL,FALSE,FALSE,OPEN,,,,ALI UL MURTAZA BLOCK,C,C,AM,FALSE,,,28767897
141,5,RESIDENTIAL,FALSE,FALSE,OPEN,,,,ALI UL MURTAZA BLOCK,C,C,AM,FALSE,,,28767897
142,5,RESIDENTIAL,FALSE,FALSE,OPEN,,,,ALI UL MURTAZA BLOCK,C,C,AM,FALSE,,,28767897
143,9,RESIDENTIAL,FALSE,TRUE,OPEN,,,,ALI UL MURTAZA BLOCK,C,C,AM,FALSE,,,28767897
144,5,RESIDENTIAL,FALSE,FALSE,OPEN,,,,ALI UL MURTAZA BLOCK,C,C,AM,FALSE,,,28767897
145,5,RESIDENTIAL,FALSE,FALSE,OPEN,,,,ALI UL MURTAZA BLOCK,C,C,AM,FALSE,,,28767897
146,5,RESIDENTIAL,FALSE,FALSE,OPEN,,,,ALI UL MURTAZA BLOCK,C,C,AM,FALSE,,,28767897
147,5,RESIDENTIAL,FALSE,FALSE,OPEN,,,,ALI UL MURTAZA BLOCK,C,C,AM,FALSE,,,28767897
148,5,RESIDENTIAL,FALSE,FALSE,OPEN,,,,ALI UL MURTAZA BLOCK,C,C,AM,FALSE,,,28767897
149,5,RESIDENTIAL,FALSE,FALSE,OPEN,,,,ALI UL MURTAZA BLOCK,C,C,AM,FALSE,,,28767897
150,5,RESIDENTIAL,FALSE,FALSE,OPEN,,,,ALI UL MURTAZA BLOCK,C,C,AM,FALSE,,,28767897
151,5,RESIDENTIAL,FALSE,FALSE,OPEN,,,,ALI UL MURTAZA BLOCK,C,C,AM,FALSE,,,28767897
152,5,RESIDENTIAL,FALSE,FALSE,OPEN,,,,ALI UL MURTAZA BLOCK,C,C,AM,FALSE,,,28767897
153,5,RESIDENTIAL,FALSE,FALSE,OPEN,,,,ALI UL MURTAZA BLOCK,C,C,AM,FALSE,,,28767897
154,5,RESIDENTIAL,FALSE,FALSE,OPEN,,,,ALI UL MURTAZA BLOCK,C,C,AM,FALSE,,,28767897
155,5,RESIDENTIAL,FALSE,FALSE,OPEN,,,,ALI UL MURTAZA BLOCK,C,C,AM,FALSE,,,28767897
156,7,RESIDENTIAL,FALSE,TRUE,OPEN,,,,ALI UL MURTAZA BLOCK,C,C,AM,FALSE,,,28767897
157,6,RESIDENTIAL,FALSE,TRUE,OPEN,,,,ALI UL MURTAZA BLOCK,C,C,AM,FALSE,,,28767897
158,5,RESIDENTIAL,FALSE,FALSE,OPEN,,,,ALI UL MURTAZA BLOCK,C,C,AM,FALSE,,,28767897
159,5,RESIDENTIAL,FALSE,FALSE,OPEN,,,,ALI UL MURTAZA BLOCK,C,C,AM,FALSE,,,28767897
160,5,RESIDENTIAL,FALSE,FALSE,OPEN,,,,ALI UL MURTAZA BLOCK,C,C,AM,FALSE,,,28767897
161,5,RESIDENTIAL,FALSE,FALSE,OPEN,,,,ALI UL MURTAZA BLOCK,C,C,AM,FALSE,,,28767897
162,5,RESIDENTIAL,FALSE,FALSE,OPEN,,,,ALI UL MURTAZA BLOCK,C,C,AM,FALSE,,,28767897
163,5,RESIDENTIAL,FALSE,FALSE,OPEN,,,,ALI UL MURTAZA BLOCK,C,C,AM,FALSE,,,28767897
164,5,RESIDENTIAL,FALSE,FALSE,OPEN,,,,ALI UL MURTAZA BLOCK,C,C,AM,FALSE,,,28767897
165,5,RESIDENTIAL,FALSE,FALSE,OPEN,,,,ALI UL MURTAZA BLOCK,C,C,AM,FALSE,,,28767897
166,6,RESIDENTIAL,FALSE,TRUE,OPEN,,,,ALI UL MURTAZA BLOCK,C,C,AM,FALSE,,,28767897
167,6,RESIDENTIAL,FALSE,TRUE,OPEN,,,,ALI UL MURTAZA BLOCK,C,C,AM,FALSE,,,28767897
168,5,RESIDENTIAL,FALSE,FALSE,OPEN,,,,ALI UL MURTAZA BLOCK,C,C,AM,FALSE,,,28767897
169,5,RESIDENTIAL,FALSE,FALSE,OPEN,,,,ALI UL MURTAZA BLOCK,C,C,AM,FALSE,,,28767897
170,5,RESIDENTIAL,FALSE,FALSE,OPEN,,,,ALI UL MURTAZA BLOCK,C,C,AM,FALSE,,,28767897
171,5,RESIDENTIAL,FALSE,FALSE,OPEN,,,,ALI UL MURTAZA BLOCK,C,C,AM,FALSE,,,28767897
172,5,RESIDENTIAL,FALSE,FALSE,OPEN,,,,ALI UL MURTAZA BLOCK,C,C,AM,FALSE,,,28767897
173,5,RESIDENTIAL,FALSE,FALSE,OPEN,,,,ALI UL MURTAZA BLOCK,C,C,AM,FALSE,,,28767897
174,5,RESIDENTIAL,FALSE,FALSE,OPEN,,,,ALI UL MURTAZA BLOCK,C,C,AM,FALSE,,,28767897
175,5,RESIDENTIAL,FALSE,FALSE,OPEN,,,,ALI UL MURTAZA BLOCK,C,C,AM,FALSE,,,28767897
176,6,RESIDENTIAL,FALSE,TRUE,OPEN,,,,ALI UL MURTAZA BLOCK,C,C,AM,FALSE,,,28767897
177,5,RESIDENTIAL,FALSE,TRUE,OPEN,,,,ALI UL MURTAZA BLOCK,C,C,AM,FALSE,,,28767897
178,5,RESIDENTIAL,FALSE,FALSE,OPEN,,,,ALI UL MURTAZA BLOCK,C,C,AM,FALSE,,,28767897
179,5,RESIDENTIAL,FALSE,FALSE,OPEN,,,,ALI UL MURTAZA BLOCK,C,C,AM,FALSE,,,28767897
180,5,RESIDENTIAL,FALSE,FALSE,OPEN,,,,ALI UL MURTAZA BLOCK,C,C,AM,FALSE,,,28767897
181,5,RESIDENTIAL,FALSE,FALSE,OPEN,,,,ALI UL MURTAZA BLOCK,C,C,AM,FALSE,,,28767897
182,5,RESIDENTIAL,FALSE,FALSE,OPEN,,,,ALI UL MURTAZA BLOCK,C,C,AM,FALSE,,,28767897
183,5,RESIDENTIAL,FALSE,FALSE,OPEN,,,,ALI UL MURTAZA BLOCK,C,C,AM,FALSE,,,28767897
184,5,RESIDENTIAL,FALSE,FALSE,OPEN,,,,ALI UL MURTAZA BLOCK,C,C,AM,FALSE,,,28767897
185,5,RESIDENTIAL,FALSE,FALSE,OPEN,,,,ALI UL MURTAZA BLOCK,C,C,AM,FALSE,,,28767897
186,5,RESIDENTIAL,FALSE,FALSE,OPEN,,,,ALI UL MURTAZA BLOCK,C,C,AM,FALSE,,,28767897
187,5,RESIDENTIAL,FALSE,FALSE,OPEN,,,,ALI UL MURTAZA BLOCK,C,C,AM,FALSE,,,28767897
188,5,RESIDENTIAL,FALSE,FALSE,OPEN,,,,ALI UL MURTAZA BLOCK,C,C,AM,FALSE,,,28767897
189,5,RESIDENTIAL,FALSE,FALSE,OPEN,,,,ALI UL MURTAZA BLOCK,C,C,AM,FALSE,,,28767897
190,5,RESIDENTIAL,FALSE,FALSE,OPEN,,,,ALI UL MURTAZA BLOCK,C,C,AM,FALSE,,,28767897
191,5,RESIDENTIAL,FALSE,FALSE,OPEN,,,,ALI UL MURTAZA BLOCK,C,C,AM,FALSE,,,28767897
192,5,RESIDENTIAL,FALSE,TRUE,OPEN,,,,ALI UL MURTAZA BLOCK,C,C,AM,FALSE,,,28767897
193,5,RESIDENTIAL,FALSE,TRUE,OPEN,,,,ALI UL MURTAZA BLOCK,C,C,AM,FALSE,,,28767897
194,5,RESIDENTIAL,FALSE,FALSE,OPEN,,,,ALI UL MURTAZA BLOCK,C,C,AM,FALSE,,,28767897
195,5,RESIDENTIAL,FALSE,FALSE,OPEN,,,,ALI UL MURTAZA BLOCK,C,C,AM,FALSE,,,28767897
196,5,RESIDENTIAL,FALSE,FALSE,OPEN,,,,ALI UL MURTAZA BLOCK,C,C,AM,FALSE,,,28767897
197,5,RESIDENTIAL,FALSE,FALSE,OPEN,,,,ALI UL MURTAZA BLOCK,C,C,AM,FALSE,,,28767897
198,5,RESIDENTIAL,FALSE,FALSE,OPEN,,,,ALI UL MURTAZA BLOCK,C,C,AM,FALSE,,,28767897
199,5,RESIDENTIAL,FALSE,FALSE,OPEN,,,,ALI UL MURTAZA BLOCK,C,C,AM,FALSE,,,28767897
200,5,RESIDENTIAL,FALSE,FALSE,OPEN,,,,ALI UL MURTAZA BLOCK,C,C,AM,FALSE,,,28767897
201,5,RESIDENTIAL,FALSE,FALSE,OPEN,,,,ALI UL MURTAZA BLOCK,C,C,AM,FALSE,,,28767897
202,5,RESIDENTIAL,FALSE,FALSE,OPEN,,,,ALI UL MURTAZA BLOCK,C,C,AM,FALSE,,,28767897
203,5,RESIDENTIAL,FALSE,FALSE,OPEN,,,,ALI UL MURTAZA BLOCK,C,C,AM,FALSE,,,28767897
204,5,RESIDENTIAL,FALSE,FALSE,OPEN,,,,ALI UL MURTAZA BLOCK,C,C,AM,FALSE,,,28767897
205,5,RESIDENTIAL,FALSE,FALSE,OPEN,,,,ALI UL MURTAZA BLOCK,C,C,AM,FALSE,,,28767897
206,5,RESIDENTIAL,FALSE,FALSE,OPEN,,,,ALI UL MURTAZA BLOCK,C,C,AM,FALSE,,,28767897
207,5,RESIDENTIAL,FALSE,FALSE,OPEN,,,,ALI UL MURTAZA BLOCK,C,C,AM,FALSE,,,28767897
208,5,RESIDENTIAL,FALSE,TRUE,OPEN,,,,ALI UL MURTAZA BLOCK,C,C,AM,FALSE,,,28767897
209,5,RESIDENTIAL,FALSE,TRUE,OPEN,,,,ALI UL MURTAZA BLOCK,C,C,AM,FALSE,,,28767897
210,5,RESIDENTIAL,FALSE,FALSE,OPEN,,,,ALI UL MURTAZA BLOCK,C,C,AM,FALSE,,,28767897
211,5,RESIDENTIAL,FALSE,FALSE,OPEN,,,,ALI UL MURTAZA BLOCK,C,C,AM,FALSE,,,28767897
212,5,RESIDENTIAL,FALSE,FALSE,OPEN,,,,ALI UL MURTAZA BLOCK,C,C,AM,FALSE,,,28767897
213,5,RESIDENTIAL,FALSE,FALSE,OPEN,,,,ALI UL MURTAZA BLOCK,C,C,AM,FALSE,,,28767897
214,5,RESIDENTIAL,FALSE,FALSE,OPEN,,,,ALI UL MURTAZA BLOCK,C,C,AM,FALSE,,,28767897
215,5,RESIDENTIAL,FALSE,FALSE,OPEN,,,,ALI UL MURTAZA BLOCK,C,C,AM,FALSE,,,28767897
216,5,RESIDENTIAL,FALSE,FALSE,OPEN,,,,ALI UL MURTAZA BLOCK,C,C,AM,FALSE,,,28767897
217,5,RESIDENTIAL,FALSE,FALSE,OPEN,,,,ALI UL MURTAZA BLOCK,C,C,AM,FALSE,,,28767897
218,5,RESIDENTIAL,FALSE,FALSE,OPEN,,,,ALI UL MURTAZA BLOCK,C,C,AM,FALSE,,,28767897
219,5,RESIDENTIAL,FALSE,FALSE,OPEN,,,,ALI UL MURTAZA BLOCK,C,C,AM,FALSE,,,28767897
220,5,RESIDENTIAL,FALSE,FALSE,OPEN,,,,ALI UL MURTAZA BLOCK,C,C,AM,FALSE,,,28767897
221,5,RESIDENTIAL,FALSE,FALSE,OPEN,,,,ALI UL MURTAZA BLOCK,C,C,AM,FALSE,,,28767897
222,5,RESIDENTIAL,FALSE,FALSE,OPEN,,,,ALI UL MURTAZA BLOCK,C,C,AM,FALSE,,,28767897
223,5,RESIDENTIAL,FALSE,FALSE,OPEN,,,,ALI UL MURTAZA BLOCK,C,C,AM,FALSE,,,28767897
224,5,RESIDENTIAL,FALSE,TRUE,OPEN,,,,ALI UL MURTAZA BLOCK,C,C,AM,FALSE,,,28767897
225,5,RESIDENTIAL,FALSE,TRUE,OPEN,,,,ALI UL MURTAZA BLOCK,C,C,AM,FALSE,,,28767897
226,5,RESIDENTIAL,FALSE,FALSE,OPEN,,,,ALI UL MURTAZA BLOCK,C,C,AM,FALSE,,,28767897
227,5,RESIDENTIAL,FALSE,FALSE,OPEN,,,,ALI UL MURTAZA BLOCK,C,C,AM,FALSE,,,28767897
228,5,RESIDENTIAL,FALSE,FALSE,OPEN,,,,ALI UL MURTAZA BLOCK,C,C,AM,FALSE,,,28767897
229,5,RESIDENTIAL,FALSE,FALSE,OPEN,,,,ALI UL MURTAZA BLOCK,C,C,AM,FALSE,,,28767897
230,5,RESIDENTIAL,FALSE,FALSE,OPEN,,,,ALI UL MURTAZA BLOCK,C,C,AM,FALSE,,,28767897
231,5,RESIDENTIAL,FALSE,FALSE,OPEN,,,,ALI UL MURTAZA BLOCK,C,C,AM,FALSE,,,28767897
232,5,RESIDENTIAL,FALSE,FALSE,OPEN,,,,ALI UL MURTAZA BLOCK,C,C,AM,FALSE,,,28767897
233,5,RESIDENTIAL,FALSE,FALSE,OPEN,,,,ALI UL MURTAZA BLOCK,C,C,AM,FALSE,,,28767897
234,5,RESIDENTIAL,FALSE,FALSE,OPEN,,,,ALI UL MURTAZA BLOCK,C,C,AM,FALSE,,,28767897
235,5,RESIDENTIAL,FALSE,FALSE,OPEN,,,,ALI UL MURTAZA BLOCK,C,C,AM,FALSE,,,28767897
236,5,RESIDENTIAL,FALSE,FALSE,OPEN,,,,ALI UL MURTAZA BLOCK,C,C,AM,FALSE,,,28767897
237,5,RESIDENTIAL,FALSE,FALSE,OPEN,,,,ALI UL MURTAZA BLOCK,C,C,AM,FALSE,,,28767897
238,5,RESIDENTIAL,FALSE,FALSE,OPEN,,,,ALI UL MURTAZA BLOCK,C,C,AM,FALSE,,,28767897
239,5,RESIDENTIAL,FALSE,FALSE,OPEN,,,,ALI UL MURTAZA BLOCK,C,C,AM,FALSE,,,28767897
240,5,RESIDENTIAL,FALSE,TRUE,OPEN,,,,ALI UL MURTAZA BLOCK,C,C,AM,FALSE,,,28767897
241,5,RESIDENTIAL,FALSE,TRUE,OPEN,,,,ALI UL MURTAZA BLOCK,C,C,AM,FALSE,,,28767897
242,5,RESIDENTIAL,FALSE,FALSE,OPEN,,,,ALI UL MURTAZA BLOCK,C,C,AM,FALSE,,,28767897
243,5,RESIDENTIAL,FALSE,FALSE,OPEN,,,,ALI UL MURTAZA BLOCK,C,C,AM,FALSE,,,28767897
244,5,RESIDENTIAL,FALSE,FALSE,OPEN,,,,ALI UL MURTAZA BLOCK,C,C,AM,FALSE,,,28767897
245,5,RESIDENTIAL,FALSE,FALSE,OPEN,,,,ALI UL MURTAZA BLOCK,C,C,AM,FALSE,,,28767897
246,5,RESIDENTIAL,FALSE,FALSE,OPEN,,,,ALI UL MURTAZA BLOCK,C,C,AM,FALSE,,,28767897
247,5,RESIDENTIAL,FALSE,FALSE,OPEN,,,,ALI UL MURTAZA BLOCK,C,C,AM,FALSE,,,28767897
248,5,RESIDENTIAL,FALSE,FALSE,OPEN,,,,ALI UL MURTAZA BLOCK,C,C,AM,FALSE,,,28767897
249,5,RESIDENTIAL,FALSE,FALSE,OPEN,,,,ALI UL MURTAZA BLOCK,C,C,AM,FALSE,,,28767897
250,5,RESIDENTIAL,FALSE,FALSE,OPEN,,,,ALI UL MURTAZA BLOCK,C,C,AM,FALSE,,,28767897
251,5,RESIDENTIAL,FALSE,FALSE,OPEN,,,,ALI UL MURTAZA BLOCK,C,C,AM,FALSE,,,28767897
252,5,RESIDENTIAL,FALSE,FALSE,OPEN,,,,ALI UL MURTAZA BLOCK,C,C,AM,FALSE,,,28767897
253,5,RESIDENTIAL,FALSE,FALSE,OPEN,,,,ALI UL MURTAZA BLOCK,C,C,AM,FALSE,,,28767897
254,5,RESIDENTIAL,FALSE,FALSE,OPEN,,,,ALI UL MURTAZA BLOCK,C,C,AM,FALSE,,,28767897
255,5,RESIDENTIAL,FALSE,FALSE,OPEN,,,,ALI UL MURTAZA BLOCK,C,C,AM,FALSE,,,28767897
256,5,RESIDENTIAL,FALSE,TRUE,OPEN,,,,ALI UL MURTAZA BLOCK,C,C,AM,FALSE,,,28767897
257,5,RESIDENTIAL,FALSE,TRUE,OPEN,,,,ALI UL MURTAZA BLOCK,C,C,AM,FALSE,,,28767897
258,5,RESIDENTIAL,FALSE,FALSE,OPEN,,,,ALI UL MURTAZA BLOCK,C,C,AM,FALSE,,,28767897
259,5,RESIDENTIAL,FALSE,FALSE,OPEN,,,,ALI UL MURTAZA BLOCK,C,C,AM,FALSE,,,28767897
260,5,RESIDENTIAL,FALSE,FALSE,OPEN,,,,ALI UL MURTAZA BLOCK,C,C,AM,FALSE,,,28767897
261,5,RESIDENTIAL,FALSE,FALSE,OPEN,,,,ALI UL MURTAZA BLOCK,C,C,AM,FALSE,,,28767897
262,5,RESIDENTIAL,FALSE,FALSE,OPEN,,,,ALI UL MURTAZA BLOCK,C,C,AM,FALSE,,,28767897
263,5,RESIDENTIAL,FALSE,FALSE,OPEN,,,,ALI UL MURTAZA BLOCK,C,C,AM,FALSE,,,28767897
264,5,RESIDENTIAL,FALSE,FALSE,OPEN,,,,ALI UL MURTAZA BLOCK,C,C,AM,FALSE,,,28767897
265,5,RESIDENTIAL,FALSE,FALSE,OPEN,,,,ALI UL MURTAZA BLOCK,C,C,AM,FALSE,,,28767897
266,5,RESIDENTIAL,FALSE,FALSE,OPEN,,,,ALI UL MURTAZA BLOCK,C,C,AM,FALSE,,,28767897
267,5,RESIDENTIAL,FALSE,FALSE,OPEN,,,,ALI UL MURTAZA BLOCK,C,C,AM,FALSE,,,28767897
268,5,RESIDENTIAL,FALSE,FALSE,OPEN,,,,ALI UL MURTAZA BLOCK,C,C,AM,FALSE,,,28767897
269,5,RESIDENTIAL,FALSE,FALSE,OPEN,,,,ALI UL MURTAZA BLOCK,C,C,AM,FALSE,,,28767897
270,5,RESIDENTIAL,FALSE,FALSE,OPEN,,,,ALI UL MURTAZA BLOCK,C,C,AM,FALSE,,,28767897
271,5,RESIDENTIAL,FALSE,FALSE,OPEN,,,,ALI UL MURTAZA BLOCK,C,C,AM,FALSE,,,28767897
272,5,RESIDENTIAL,FALSE,TRUE,OPEN,,,,ALI UL MURTAZA BLOCK,C,C,AM,FALSE,,,28767897
273,5,RESIDENTIAL,FALSE,TRUE,OPEN,,,,ALI UL MURTAZA BLOCK,C,C,AM,FALSE,,,28767897
274,5,RESIDENTIAL,FALSE,FALSE,OPEN,,,,ALI UL MURTAZA BLOCK,C,C,AM,FALSE,,,28767897
275,5,RESIDENTIAL,FALSE,FALSE,OPEN,,,,ALI UL MURTAZA BLOCK,C,C,AM,FALSE,,,28767897
276,5,RESIDENTIAL,FALSE,FALSE,OPEN,,,,ALI UL MURTAZA BLOCK,C,C,AM,FALSE,,,28767897
277,5,RESIDENTIAL,FALSE,FALSE,OPEN,,,,ALI UL MURTAZA BLOCK,C,C,AM,FALSE,,,28767897
278,5,RESIDENTIAL,FALSE,FALSE,OPEN,,,,ALI UL MURTAZA BLOCK,C,C,AM,FALSE,,,28767897
279,5,RESIDENTIAL,FALSE,FALSE,OPEN,,,,ALI UL MURTAZA BLOCK,C,C,AM,FALSE,,,28767897
280,5,RESIDENTIAL,FALSE,FALSE,OPEN,,,,ALI UL MURTAZA BLOCK,C,C,AM,FALSE,,,28767897
281,5,RESIDENTIAL,FALSE,FALSE,OPEN,,,,ALI UL MURTAZA BLOCK,C,C,AM,FALSE,,,28767897
282,5,RESIDENTIAL,FALSE,FALSE,OPEN,,,,ALI UL MURTAZA BLOCK,C,C,AM,FALSE,,,28767897
283,5,RESIDENTIAL,FALSE,FALSE,OPEN,,,,ALI UL MURTAZA BLOCK,C,C,AM,FALSE,,,28767897
284,5,RESIDENTIAL,FALSE,FALSE,OPEN,,,,ALI UL MURTAZA BLOCK,C,C,AM,FALSE,,,28767897
285,5,RESIDENTIAL,FALSE,FALSE,OPEN,,,,ALI UL MURTAZA BLOCK,C,C,AM,FALSE,,,28767897
286,5,RESIDENTIAL,FALSE,FALSE,OPEN,,,,ALI UL MURTAZA BLOCK,C,C,AM,FALSE,,,28767897
287,5,RESIDENTIAL,FALSE,FALSE,OPEN,,,,ALI UL MURTAZA BLOCK,C,C,AM,FALSE,,,28767897
288,5,RESIDENTIAL,FALSE,TRUE,OPEN,,,,ALI UL MURTAZA BLOCK,C,C,AM,FALSE,,,28767897
289,5,RESIDENTIAL,TRUE,TRUE,OPEN,,,,ALI UL MURTAZA BLOCK,C,C,AM,FALSE,,,28767897
290,5,RESIDENTIAL,TRUE,FALSE,OPEN,,,,ALI UL MURTAZA BLOCK,C,C,AM,FALSE,,,28767897
291,5,RESIDENTIAL,TRUE,FALSE,OPEN,,,,ALI UL MURTAZA BLOCK,C,C,AM,FALSE,,,28767897
292,5,RESIDENTIAL,TRUE,FALSE,OPEN,,,,ALI UL MURTAZA BLOCK,C,C,AM,FALSE,,,28767897
293,5,RESIDENTIAL,TRUE,FALSE,OPEN,,,,ALI UL MURTAZA BLOCK,C,C,AM,FALSE,,,28767897
294,5,RESIDENTIAL,TRUE,FALSE,OPEN,,,,ALI UL MURTAZA BLOCK,C,C,AM,FALSE,,,28767897
295,5,RESIDENTIAL,TRUE,FALSE,OPEN,,,,ALI UL MURTAZA BLOCK,C,C,AM,FALSE,,,28767897
296,5,RESIDENTIAL,TRUE,FALSE,OPEN,,,,ALI UL MURTAZA BLOCK,C,C,AM,FALSE,,,28767897
297,5,RESIDENTIAL,TRUE,FALSE,OPEN,,,,ALI UL MURTAZA BLOCK,C,C,AM,FALSE,,,28767897
298,5,RESIDENTIAL,TRUE,FALSE,OPEN,,,,ALI UL MURTAZA BLOCK,C,C,AM,FALSE,,,28767897
299,5,RESIDENTIAL,TRUE,FALSE,OPEN,,,,ALI UL MURTAZA BLOCK,C,C,AM,FALSE,,,28767897
300,5,RESIDENTIAL,TRUE,FALSE,OPEN,,,,ALI UL MURTAZA BLOCK,C,C,AM,FALSE,,,28767897
301,5,RESIDENTIAL,TRUE,FALSE,OPEN,,,,ALI UL MURTAZA BLOCK,C,C,AM,FALSE,,,28767897
302,5,RESIDENTIAL,TRUE,FALSE,OPEN,,,,ALI UL MURTAZA BLOCK,C,C,AM,FALSE,,,28767897
303,5,RESIDENTIAL,TRUE,FALSE,OPEN,,,,ALI UL MURTAZA BLOCK,C,C,AM,FALSE,,,28767897
304,5,RESIDENTIAL,TRUE,TRUE,OPEN,,,,ALI UL MURTAZA BLOCK,C,C,AM,FALSE,,,28767897
305,7,RESIDENTIAL,FALSE,FALSE,OPEN,,,,ALI UL MURTAZA BLOCK,C,C,AM,FALSE,,,28767897
306,7,RESIDENTIAL,FALSE,FALSE,OPEN,,,,ALI UL MURTAZA BLOCK,C,C,AM,FALSE,,,28767897
307,7,RESIDENTIAL,FALSE,FALSE,OPEN,,,,ALI UL MURTAZA BLOCK,C,C,AM,FALSE,,,28767897
308,7,RESIDENTIAL,FALSE,FALSE,OPEN,,,,ALI UL MURTAZA BLOCK,C,C,AM,FALSE,,,28767897
309,7,RESIDENTIAL,FALSE,FALSE,OPEN,,,,ALI UL MURTAZA BLOCK,C,C,AM,FALSE,,,28767897
310,7,RESIDENTIAL,FALSE,FALSE,OPEN,,,,ALI UL MURTAZA BLOCK,C,C,AM,FALSE,,,28767897
311,7,RESIDENTIAL,FALSE,FALSE,OPEN,,,,ALI UL MURTAZA BLOCK,C,C,AM,FALSE,,,28767897
312,7,RESIDENTIAL,FALSE,FALSE,OPEN,,,,ALI UL MURTAZA BLOCK,C,C,AM,FALSE,,,28767897
313,7,RESIDENTIAL,FALSE,FALSE,OPEN,,,,ALI UL MURTAZA BLOCK,C,C,AM,FALSE,,,28767897
314,7,RESIDENTIAL,FALSE,FALSE,OPEN,,,,ALI UL MURTAZA BLOCK,C,C,AM,FALSE,,,28767897
315,7,RESIDENTIAL,FALSE,FALSE,OPEN,,,,ALI UL MURTAZA BLOCK,C,C,AM,FALSE,,,28767897
316,7,RESIDENTIAL,FALSE,FALSE,OPEN,,,,ALI UL MURTAZA BLOCK,C,C,AM,FALSE,,,28767897
317,7,RESIDENTIAL,FALSE,FALSE,OPEN,,,,ALI UL MURTAZA BLOCK,C,C,AM,FALSE,,,28767897
318,7,RESIDENTIAL,FALSE,FALSE,OPEN,,,,ALI UL MURTAZA BLOCK,C,C,AM,FALSE,,,28767897
319,7,RESIDENTIAL,FALSE,FALSE,OPEN,,,,ALI UL MURTAZA BLOCK,C,C,AM,FALSE,,,28767897
320,7,RESIDENTIAL,FALSE,FALSE,OPEN,,,,ALI UL MURTAZA BLOCK,C,C,AM,FALSE,,,28767897
321,7,RESIDENTIAL,FALSE,FALSE,OPEN,,,,ALI UL MURTAZA BLOCK,C,C,AM,FALSE,,,28767897
322,7,RESIDENTIAL,FALSE,FALSE,OPEN,,,,ALI UL MURTAZA BLOCK,C,C,AM,FALSE,,,28767897
323,6,RESIDENTIAL,FALSE,TRUE,OPEN,,,,ALI UL MURTAZA BLOCK,C,C,AM,FALSE,,,28767897
324,8,RESIDENTIAL,FALSE,TRUE,OPEN,,,,ALI UL MURTAZA BLOCK,C,C,AM,FALSE,,,28767897
325,7,RESIDENTIAL,FALSE,FALSE,OPEN,,,,ALI UL MURTAZA BLOCK,C,C,AM,FALSE,,,28767897
326,7,RESIDENTIAL,FALSE,TRUE,OPEN,,,,ALI UL MURTAZA BLOCK,C,C,AM,FALSE,,,28767897
327,7,RESIDENTIAL,FALSE,TRUE,OPEN,,,,ALI UL MURTAZA BLOCK,C,C,AM,FALSE,,,28767897
328,7,RESIDENTIAL,FALSE,FALSE,OPEN,,,,ALI UL MURTAZA BLOCK,C,C,AM,FALSE,,,28767897
329,7,RESIDENTIAL,FALSE,FALSE,OPEN,,,,ALI UL MURTAZA BLOCK,C,C,AM,FALSE,,,28767897
330,7,RESIDENTIAL,FALSE,FALSE,OPEN,,,,ALI UL MURTAZA BLOCK,C,C,AM,FALSE,,,28767897
331,7,RESIDENTIAL,FALSE,FALSE,OPEN,,,,ALI UL MURTAZA BLOCK,C,C,AM,FALSE,,,28767897
332,7,RESIDENTIAL,FALSE,FALSE,OPEN,,,,ALI UL MURTAZA BLOCK,C,C,AM,FALSE,,,28767897
333,7,RESIDENTIAL,FALSE,FALSE,OPEN,,,,ALI UL MURTAZA BLOCK,C,C,AM,FALSE,,,28767897
334,7,RESIDENTIAL,FALSE,FALSE,OPEN,,,,ALI UL MURTAZA BLOCK,C,C,AM,FALSE,,,28767897
335,7,RESIDENTIAL,FALSE,FALSE,OPEN,,,,ALI UL MURTAZA BLOCK,C,C,AM,FALSE,,,28767897
336,8,RESIDENTIAL,FALSE,TRUE,OPEN,,,,ALI UL MURTAZA BLOCK,C,C,AM,FALSE,,,28767897
337,5,RESIDENTIAL,FALSE,TRUE,OPEN,,,,ALI UL MURTAZA BLOCK,C,C,AM,FALSE,,,28767897
338,4,RESIDENTIAL,FALSE,FALSE,OPEN,,,,ALI UL MURTAZA BLOCK,C,C,AM,FALSE,,,28767897
339,4,RESIDENTIAL,FALSE,FALSE,OPEN,,,,ALI UL MURTAZA BLOCK,C,C,AM,FALSE,,,28767897
340,4,RESIDENTIAL,FALSE,FALSE,OPEN,,,,ALI UL MURTAZA BLOCK,C,C,AM,FALSE,,,28767897
341,4,RESIDENTIAL,FALSE,FALSE,OPEN,,,,ALI UL MURTAZA BLOCK,C,C,AM,FALSE,,,28767897
342,4,RESIDENTIAL,FALSE,FALSE,OPEN,,,,ALI UL MURTAZA BLOCK,C,C,AM,FALSE,,,28767897
343,4,RESIDENTIAL,FALSE,FALSE,OPEN,,,,ALI UL MURTAZA BLOCK,C,C,AM,FALSE,,,28767897
344,4,RESIDENTIAL,FALSE,FALSE,OPEN,,,,ALI UL MURTAZA BLOCK,C,C,AM,FALSE,,,28767897
345,4,RESIDENTIAL,FALSE,FALSE,OPEN,,,,ALI UL MURTAZA BLOCK,C,C,AM,FALSE,,,28767897
346,4,RESIDENTIAL,FALSE,FALSE,OPEN,,,,ALI UL MURTAZA BLOCK,C,C,AM,FALSE,,,28767897
347,4,RESIDENTIAL,FALSE,FALSE,OPEN,,,,ALI UL MURTAZA BLOCK,C,C,AM,FALSE,,,28767897
348,4,RESIDENTIAL,FALSE,FALSE,OPEN,,,,ALI UL MURTAZA BLOCK,C,C,AM,FALSE,,,28767897
349,4,RESIDENTIAL,FALSE,FALSE,OPEN,,,,ALI UL MURTAZA BLOCK,C,C,AM,FALSE,,,28767897
350,4,RESIDENTIAL,FALSE,FALSE,OPEN,,,,ALI UL MURTAZA BLOCK,C,C,AM,FALSE,,,28767897
351,4,RESIDENTIAL,FALSE,FALSE,OPEN,,,,ALI UL MURTAZA BLOCK,C,C,AM,FALSE,,,28767897
352,4,RESIDENTIAL,FALSE,FALSE,OPEN,,,,ALI UL MURTAZA BLOCK,C,C,AM,FALSE,,,28767897
353,5,RESIDENTIAL,FALSE,TRUE,OPEN,,,,ALI UL MURTAZA BLOCK,C,C,AM,FALSE,,,28767897
354,4,RESIDENTIAL,FALSE,TRUE,OPEN,,,,ALI UL MURTAZA BLOCK,C,C,AM,FALSE,,,28767897
355,4,RESIDENTIAL,FALSE,FALSE,OPEN,,,,ALI UL MURTAZA BLOCK,C,C,AM,FALSE,,,28767897
356,4,RESIDENTIAL,FALSE,FALSE,OPEN,,,,ALI UL MURTAZA BLOCK,C,C,AM,FALSE,,,28767897
357,4,RESIDENTIAL,FALSE,FALSE,OPEN,,,,ALI UL MURTAZA BLOCK,C,C,AM,FALSE,,,28767897
358,4,RESIDENTIAL,FALSE,FALSE,OPEN,,,,ALI UL MURTAZA BLOCK,C,C,AM,FALSE,,,28767897
359,4,RESIDENTIAL,FALSE,FALSE,OPEN,,,,ALI UL MURTAZA BLOCK,C,C,AM,FALSE,,,28767897
360,4,RESIDENTIAL,FALSE,FALSE,OPEN,,,,ALI UL MURTAZA BLOCK,C,C,AM,FALSE,,,28767897
361,4,RESIDENTIAL,FALSE,FALSE,OPEN,,,,ALI UL MURTAZA BLOCK,C,C,AM,FALSE,,,28767897
362,4,RESIDENTIAL,FALSE,FALSE,OPEN,,,,ALI UL MURTAZA BLOCK,C,C,AM,FALSE,,,28767897
363,4,RESIDENTIAL,FALSE,FALSE,OPEN,,,,ALI UL MURTAZA BLOCK,C,C,AM,FALSE,,,28767897
364,4,RESIDENTIAL,FALSE,FALSE,OPEN,,,,ALI UL MURTAZA BLOCK,C,C,AM,FALSE,,,28767897
365,4,RESIDENTIAL,FALSE,FALSE,OPEN,,,,ALI UL MURTAZA BLOCK,C,C,AM,FALSE,,,28767897
366,4,RESIDENTIAL,FALSE,TRUE,OPEN,,,,ALI UL MURTAZA BLOCK,C,C,AM,FALSE,,,28767897
367,4,RESIDENTIAL,FALSE,TRUE,OPEN,,,,ALI UL MURTAZA BLOCK,C,C,AM,FALSE,,,28767897
368,4,RESIDENTIAL,FALSE,FALSE,OPEN,,,,ALI UL MURTAZA BLOCK,C,C,AM,FALSE,,,28767897
369,4,RESIDENTIAL,FALSE,FALSE,OPEN,,,,ALI UL MURTAZA BLOCK,C,C,AM,FALSE,,,28767897
370,4,RESIDENTIAL,FALSE,FALSE,OPEN,,,,ALI UL MURTAZA BLOCK,C,C,AM,FALSE,,,28767897
371,4,RESIDENTIAL,TRUE,FALSE,OPEN,,,,ALI UL MURTAZA BLOCK,C,C,AM,FALSE,,,28767897
372,4,RESIDENTIAL,TRUE,FALSE,OPEN,,,,ALI UL MURTAZA BLOCK,C,C,AM,FALSE,,,28767897
373,4,RESIDENTIAL,TRUE,FALSE,OPEN,,,,ALI UL MURTAZA BLOCK,C,C,AM,FALSE,,,28767897
374,4,RESIDENTIAL,TRUE,FALSE,OPEN,,,,ALI UL MURTAZA BLOCK,C,C,AM,FALSE,,,28767897
375,4,RESIDENTIAL,TRUE,FALSE,OPEN,,,,ALI UL MURTAZA BLOCK,C,C,AM,FALSE,,,28767897
376,4,RESIDENTIAL,TRUE,FALSE,OPEN,,,,ALI UL MURTAZA BLOCK,C,C,AM,FALSE,,,28767897
377,4,RESIDENTIAL,TRUE,FALSE,OPEN,,,,ALI UL MURTAZA BLOCK,C,C,AM,FALSE,,,28767897
378,4,RESIDENTIAL,TRUE,FALSE,OPEN,,,,ALI UL MURTAZA BLOCK,C,C,AM,FALSE,,,28767897
379,4,RESIDENTIAL,TRUE,TRUE,OPEN,,,,ALI UL MURTAZA BLOCK,C,C,AM,FALSE,,,28767897
380,3,RESIDENTIAL,FALSE,TRUE,OPEN,,,,ALI UL MURTAZA BLOCK,C,C,AM,FALSE,,,28767897
381,3,RESIDENTIAL,FALSE,FALSE,OPEN,,,,ALI UL MURTAZA BLOCK,C,C,AM,FALSE,,,28767897
382,3,RESIDENTIAL,FALSE,FALSE,OPEN,,,,ALI UL MURTAZA BLOCK,C,C,AM,FALSE,,,28767897
383,3,RESIDENTIAL,FALSE,FALSE,OPEN,,,,ALI UL MURTAZA BLOCK,C,C,AM,FALSE,,,28767897
384,3,RESIDENTIAL,FALSE,FALSE,OPEN,,,,ALI UL MURTAZA BLOCK,C,C,AM,FALSE,,,28767897
385,3,RESIDENTIAL,TRUE,FALSE,OPEN,,,,ALI UL MURTAZA BLOCK,C,C,AM,FALSE,,,28767897
386,3,RESIDENTIAL,TRUE,FALSE,OPEN,,,,ALI UL MURTAZA BLOCK,C,C,AM,FALSE,,,28767897
387,3,RESIDENTIAL,TRUE,FALSE,OPEN,,,,ALI UL MURTAZA BLOCK,C,C,AM,FALSE,,,28767897
388,3,RESIDENTIAL,TRUE,FALSE,OPEN,,,,ALI UL MURTAZA BLOCK,C,C,AM,FALSE,,,28767897
389,3,RESIDENTIAL,TRUE,FALSE,OPEN,,,,ALI UL MURTAZA BLOCK,C,C,AM,FALSE,,,28767897
390,3,RESIDENTIAL,TRUE,FALSE,OPEN,,,,ALI UL MURTAZA BLOCK,C,C,AM,FALSE,,,28767897
391,3,RESIDENTIAL,FALSE,FALSE,OPEN,,,,ALI UL MURTAZA BLOCK,C,C,AM,FALSE,,,28767897
392,3,RESIDENTIAL,FALSE,FALSE,OPEN,,,,ALI UL MURTAZA BLOCK,C,C,AM,FALSE,,,28767897
393,3,RESIDENTIAL,FALSE,FALSE,OPEN,,,,ALI UL MURTAZA BLOCK,C,C,AM,FALSE,,,28767897
394,3,RESIDENTIAL,FALSE,FALSE,OPEN,,,,ALI UL MURTAZA BLOCK,C,C,AM,FALSE,,,28767897
395,3,RESIDENTIAL,FALSE,TRUE,OPEN,,,,ALI UL MURTAZA BLOCK,C,C,AM,FALSE,,,28767897
396,3,RESIDENTIAL,FALSE,TRUE,OPEN,,,,ALI UL MURTAZA BLOCK,C,C,AM,FALSE,,,28767897
397,3,RESIDENTIAL,FALSE,FALSE,OPEN,,,,ALI UL MURTAZA BLOCK,C,C,AM,FALSE,,,28767897
398,3,RESIDENTIAL,FALSE,FALSE,OPEN,,,,ALI UL MURTAZA BLOCK,C,C,AM,FALSE,,,28767897
399,3,RESIDENTIAL,FALSE,FALSE,OPEN,,,,ALI UL MURTAZA BLOCK,C,C,AM,FALSE,,,28767897
400,3,RESIDENTIAL,FALSE,FALSE,OPEN,,,,ALI UL MURTAZA BLOCK,C,C,AM,FALSE,,,28767897
401,3,RESIDENTIAL,FALSE,FALSE,OPEN,,,,ALI UL MURTAZA BLOCK,C,C,AM,FALSE,,,28767897
402,3,RESIDENTIAL,FALSE,FALSE,OPEN,,,,ALI UL MURTAZA BLOCK,C,C,AM,FALSE,,,28767897
403,3,RESIDENTIAL,FALSE,FALSE,OPEN,,,,ALI UL MURTAZA BLOCK,C,C,AM,FALSE,,,28767897
404,3,RESIDENTIAL,FALSE,FALSE,OPEN,,,,ALI UL MURTAZA BLOCK,C,C,AM,FALSE,,,28767897
405,3,RESIDENTIAL,FALSE,FALSE,OPEN,,,,ALI UL MURTAZA BLOCK,C,C,AM,FALSE,,,28767897
406,3,RESIDENTIAL,FALSE,FALSE,OPEN,,,,ALI UL MURTAZA BLOCK,C,C,AM,FALSE,,,28767897
407,3,RESIDENTIAL,FALSE,FALSE,OPEN,,,,ALI UL MURTAZA BLOCK,C,C,AM,FALSE,,,28767897
408,3,RESIDENTIAL,FALSE,FALSE,OPEN,,,,ALI UL MURTAZA BLOCK,C,C,AM,FALSE,,,28767897
409,3,RESIDENTIAL,FALSE,FALSE,OPEN,,,,ALI UL MURTAZA BLOCK,C,C,AM,FALSE,,,28767897
410,3,RESIDENTIAL,FALSE,FALSE,OPEN,,,,ALI UL MURTAZA BLOCK,C,C,AM,FALSE,,,28767897
411,3,RESIDENTIAL,FALSE,TRUE,OPEN,,,,ALI UL MURTAZA BLOCK,C,C,AM,FALSE,,,28767897
412,3,RESIDENTIAL,FALSE,FALSE,OPEN,,,,ALI UL MURTAZA BLOCK,C,C,AM,FALSE,,,28767897
413,3,RESIDENTIAL,FALSE,FALSE,OPEN,,,,ALI UL MURTAZA BLOCK,C,C,AM,FALSE,,,28767897
414,3,RESIDENTIAL,FALSE,FALSE,OPEN,,,,ALI UL MURTAZA BLOCK,C,C,AM,FALSE,,,28767897
415,3,RESIDENTIAL,FALSE,FALSE,OPEN,,,,ALI UL MURTAZA BLOCK,C,C,AM,FALSE,,,28767897
416,3,RESIDENTIAL,FALSE,FALSE,OPEN,,,,ALI UL MURTAZA BLOCK,C,C,AM,FALSE,,,28767897
417,3,RESIDENTIAL,FALSE,FALSE,OPEN,,,,ALI UL MURTAZA BLOCK,C,C,AM,FALSE,,,28767897
418,3,RESIDENTIAL,FALSE,FALSE,OPEN,,,,ALI UL MURTAZA BLOCK,C,C,AM,FALSE,,,28767897
419,3,RESIDENTIAL,FALSE,FALSE,OPEN,,,,ALI UL MURTAZA BLOCK,C,C,AM,FALSE,,,28767897
420,3,RESIDENTIAL,FALSE,FALSE,OPEN,,,,ALI UL MURTAZA BLOCK,C,C,AM,FALSE,,,28767897
421,3,RESIDENTIAL,FALSE,FALSE,OPEN,,,,ALI UL MURTAZA BLOCK,C,C,AM,FALSE,,,28767897
422,3,RESIDENTIAL,FALSE,FALSE,OPEN,,,,ALI UL MURTAZA BLOCK,C,C,AM,FALSE,,,28767897
423,3,RESIDENTIAL,FALSE,FALSE,OPEN,,,,ALI UL MURTAZA BLOCK,C,C,AM,FALSE,,,28767897
424,3,RESIDENTIAL,FALSE,FALSE,OPEN,,,,ALI UL MURTAZA BLOCK,C,C,AM,FALSE,,,28767897
425,3,RESIDENTIAL,FALSE,FALSE,OPEN,,,,ALI UL MURTAZA BLOCK,C,C,AM,FALSE,,,28767897
426,3,RESIDENTIAL,FALSE,FALSE,OPEN,,,,ALI UL MURTAZA BLOCK,C,C,AM,FALSE,,,28767897
427,3,RESIDENTIAL,FALSE,FALSE,OPEN,,,,ALI UL MURTAZA BLOCK,C,C,AM,FALSE,,,28767897
428,3,RESIDENTIAL,FALSE,FALSE,OPEN,,,,ALI UL MURTAZA BLOCK,C,C,AM,FALSE,,,28767897
429,3,RESIDENTIAL,FALSE,FALSE,OPEN,,,,ALI UL MURTAZA BLOCK,C,C,AM,FALSE,,,28767897
430,3,RESIDENTIAL,FALSE,FALSE,OPEN,,,,ALI UL MURTAZA BLOCK,C,C,AM,FALSE,,,28767897
431,3,RESIDENTIAL,FALSE,FALSE,OPEN,,,,ALI UL MURTAZA BLOCK,C,C,AM,FALSE,,,28767897
432,3,RESIDENTIAL,FALSE,FALSE,OPEN,,,,ALI UL MURTAZA BLOCK,C,C,AM,FALSE,,,28767897
433,3,RESIDENTIAL,FALSE,FALSE,OPEN,,,,ALI UL MURTAZA BLOCK,C,C,AM,FALSE,,,28767897
434,3,RESIDENTIAL,FALSE,FALSE,OPEN,,,,ALI UL MURTAZA BLOCK,C,C,AM,FALSE,,,28767897
435,3,RESIDENTIAL,FALSE,FALSE,OPEN,,,,ALI UL MURTAZA BLOCK,C,C,AM,FALSE,,,28767897
436,4,RESIDENTIAL,FALSE,TRUE,OPEN,,,,ALI UL MURTAZA BLOCK,C,C,AM,FALSE,,,28767897
437,3,RESIDENTIAL,FALSE,TRUE,OPEN,,,,ALI UL MURTAZA BLOCK,C,C,AM,FALSE,,,28767897
438,3,RESIDENTIAL,FALSE,FALSE,OPEN,,,,ALI UL MURTAZA BLOCK,C,C,AM,FALSE,,,28767897
439,3,RESIDENTIAL,FALSE,FALSE,OPEN,,,,ALI UL MURTAZA BLOCK,C,C,AM,FALSE,,,28767897
440,3,RESIDENTIAL,FALSE,FALSE,OPEN,,,,ALI UL MURTAZA BLOCK,C,C,AM,FALSE,,,28767897
441,3,RESIDENTIAL,FALSE,FALSE,OPEN,,,,ALI UL MURTAZA BLOCK,C,C,AM,FALSE,,,28767897
442,3,RESIDENTIAL,FALSE,FALSE,OPEN,,,,ALI UL MURTAZA BLOCK,C,C,AM,FALSE,,,28767897
443,3,RESIDENTIAL,FALSE,FALSE,OPEN,,,,ALI UL MURTAZA BLOCK,C,C,AM,FALSE,,,28767897
444,3,RESIDENTIAL,FALSE,FALSE,OPEN,,,,ALI UL MURTAZA BLOCK,C,C,AM,FALSE,,,28767897
445,3,RESIDENTIAL,FALSE,FALSE,OPEN,,,,ALI UL MURTAZA BLOCK,C,C,AM,FALSE,,,28767897
446,3,RESIDENTIAL,FALSE,FALSE,OPEN,,,,ALI UL MURTAZA BLOCK,C,C,AM,FALSE,,,28767897
447,3,RESIDENTIAL,FALSE,FALSE,OPEN,,,,ALI UL MURTAZA BLOCK,C,C,AM,FALSE,,,28767897
448,3,RESIDENTIAL,FALSE,FALSE,OPEN,,,,ALI UL MURTAZA BLOCK,C,C,AM,FALSE,,,28767897
449,3,RESIDENTIAL,FALSE,FALSE,OPEN,,,,ALI UL MURTAZA BLOCK,C,C,AM,FALSE,,,28767897
450,3,RESIDENTIAL,FALSE,FALSE,OPEN,,,,ALI UL MURTAZA BLOCK,C,C,AM,FALSE,,,28767897
451,3,RESIDENTIAL,FALSE,TRUE,OPEN,,,,ALI UL MURTAZA BLOCK,C,C,AM,FALSE,,,28767897
452,3,RESIDENTIAL,FALSE,TRUE,OPEN,,,,ALI UL MURTAZA BLOCK,C,C,AM,FALSE,,,28767897
453,3,RESIDENTIAL,FALSE,FALSE,OPEN,,,,ALI UL MURTAZA BLOCK,C,C,AM,FALSE,,,28767897
454,3,RESIDENTIAL,FALSE,FALSE,OPEN,,,,ALI UL MURTAZA BLOCK,C,C,AM,FALSE,,,28767897
455,3,RESIDENTIAL,FALSE,FALSE,OPEN,,,,ALI UL MURTAZA BLOCK,C,C,AM,FALSE,,,28767897
456,3,RESIDENTIAL,FALSE,FALSE,OPEN,,,,ALI UL MURTAZA BLOCK,C,C,AM,FALSE,,,28767897
457,3,RESIDENTIAL,FALSE,FALSE,OPEN,,,,ALI UL MURTAZA BLOCK,C,C,AM,FALSE,,,28767897
458,3,RESIDENTIAL,FALSE,FALSE,OPEN,,,,ALI UL MURTAZA BLOCK,C,C,AM,FALSE,,,28767897
459,3,RESIDENTIAL,FALSE,FALSE,OPEN,,,,ALI UL MURTAZA BLOCK,C,C,AM,FALSE,,,28767897
460,3,RESIDENTIAL,FALSE,FALSE,OPEN,,,,ALI UL MURTAZA BLOCK,C,C,AM,FALSE,,,28767897
461,3,RESIDENTIAL,FALSE,FALSE,OPEN,,,,ALI UL MURTAZA BLOCK,C,C,AM,FALSE,,,28767897
462,3,RESIDENTIAL,FALSE,FALSE,OPEN,,,,ALI UL MURTAZA BLOCK,C,C,AM,FALSE,,,28767897
463,3,RESIDENTIAL,FALSE,FALSE,OPEN,,,,ALI UL MURTAZA BLOCK,C,C,AM,FALSE,,,28767897
464,3,RESIDENTIAL,FALSE,FALSE,OPEN,,,,ALI UL MURTAZA BLOCK,C,C,AM,FALSE,,,28767897
465,3,RESIDENTIAL,FALSE,FALSE,OPEN,,,,ALI UL MURTAZA BLOCK,C,C,AM,FALSE,,,28767897
466,3,RESIDENTIAL,FALSE,TRUE,OPEN,,,,ALI UL MURTAZA BLOCK,C,C,AM,FALSE,,,28767897
467,4,RESIDENTIAL,FALSE,TRUE,OPEN,,,,ALI UL MURTAZA BLOCK,C,C,AM,FALSE,,,28767897
468,3,RESIDENTIAL,FALSE,FALSE,OPEN,,,,ALI UL MURTAZA BLOCK,C,C,AM,FALSE,,,28767897
469,3,RESIDENTIAL,FALSE,FALSE,OPEN,,,,ALI UL MURTAZA BLOCK,C,C,AM,FALSE,,,28767897
470,3,RESIDENTIAL,FALSE,FALSE,OPEN,,,,ALI UL MURTAZA BLOCK,C,C,AM,FALSE,,,28767897
471,3,RESIDENTIAL,FALSE,FALSE,OPEN,,,,ALI UL MURTAZA BLOCK,C,C,AM,FALSE,,,28767897
472,3,RESIDENTIAL,FALSE,FALSE,OPEN,,,,ALI UL MURTAZA BLOCK,C,C,AM,FALSE,,,28767897
473,3,RESIDENTIAL,FALSE,FALSE,OPEN,,,,ALI UL MURTAZA BLOCK,C,C,AM,FALSE,,,28767897
474,3,RESIDENTIAL,FALSE,FALSE,OPEN,,,,ALI UL MURTAZA BLOCK,C,C,AM,FALSE,,,28767897
475,4,RESIDENTIAL,FALSE,TRUE,OPEN,,,,ALI UL MURTAZA BLOCK,C,C,AM,FALSE,,,28767897
476,4,RESIDENTIAL,FALSE,TRUE,OPEN,,,,ALI UL MURTAZA BLOCK,C,C,AM,FALSE,,,28767897
477,4,RESIDENTIAL,FALSE,FALSE,OPEN,,,,ALI UL MURTAZA BLOCK,C,C,AM,FALSE,,,28767897
478,4,RESIDENTIAL,FALSE,FALSE,OPEN,,,,ALI UL MURTAZA BLOCK,C,C,AM,FALSE,,,28767897
479,4,RESIDENTIAL,FALSE,FALSE,OPEN,,,,ALI UL MURTAZA BLOCK,C,C,AM,FALSE,,,28767897
480,4,RESIDENTIAL,FALSE,FALSE,OPEN,,,,ALI UL MURTAZA BLOCK,C,C,AM,FALSE,,,28767897
481,4,RESIDENTIAL,FALSE,FALSE,OPEN,,,,ALI UL MURTAZA BLOCK,C,C,AM,FALSE,,,28767897
482,4,RESIDENTIAL,FALSE,FALSE,OPEN,,,,ALI UL MURTAZA BLOCK,C,C,AM,FALSE,,,28767897
483,4,RESIDENTIAL,FALSE,FALSE,OPEN,,,,ALI UL MURTAZA BLOCK,C,C,AM,FALSE,,,28767897
484,4,RESIDENTIAL,TRUE,FALSE,OPEN,,,,ALI UL MURTAZA BLOCK,C,C,AM,FALSE,,,28767897
485,4,RESIDENTIAL,TRUE,FALSE,OPEN,,,,ALI UL MURTAZA BLOCK,C,C,AM,FALSE,,,28767897
486,4,RESIDENTIAL,TRUE,FALSE,OPEN,,,,ALI UL MURTAZA BLOCK,C,C,AM,FALSE,,,28767897
487,4,RESIDENTIAL,TRUE,FALSE,OPEN,,,,ALI UL MURTAZA BLOCK,C,C,AM,FALSE,,,28767897
488,4,RESIDENTIAL,TRUE,TRUE,OPEN,,,,ALI UL MURTAZA BLOCK,C,C,AM,FALSE,,,28767897
489,4,RESIDENTIAL,FALSE,TRUE,OPEN,,,,ALI UL MURTAZA BLOCK,C,C,AM,FALSE,,,28767897
490,4,RESIDENTIAL,FALSE,FALSE,OPEN,,,,ALI UL MURTAZA BLOCK,C,C,AM,FALSE,,,28767897
491,4,RESIDENTIAL,FALSE,FALSE,OPEN,,,,ALI UL MURTAZA BLOCK,C,C,AM,FALSE,,,28767897
492,4,RESIDENTIAL,FALSE,FALSE,OPEN,,,,ALI UL MURTAZA BLOCK,C,C,AM,FALSE,,,28767897
493,4,RESIDENTIAL,FALSE,FALSE,OPEN,,,,ALI UL MURTAZA BLOCK,C,C,AM,FALSE,,,28767897
494,4,RESIDENTIAL,FALSE,FALSE,OPEN,,,,ALI UL MURTAZA BLOCK,C,C,AM,FALSE,,,28767897
495,4,RESIDENTIAL,FALSE,FALSE,OPEN,,,,ALI UL MURTAZA BLOCK,C,C,AM,FALSE,,,28767897
496,4,RESIDENTIAL,FALSE,FALSE,OPEN,,,,ALI UL MURTAZA BLOCK,C,C,AM,FALSE,,,28767897
497,4,RESIDENTIAL,FALSE,FALSE,OPEN,,,,ALI UL MURTAZA BLOCK,C,C,AM,FALSE,,,28767897
498,4,RESIDENTIAL,FALSE,FALSE,OPEN,,,,ALI UL MURTAZA BLOCK,C,C,AM,FALSE,,,28767897
499,4,RESIDENTIAL,FALSE,FALSE,OPEN,,,,ALI UL MURTAZA BLOCK,C,C,AM,FALSE,,,28767897
500,4,RESIDENTIAL,FALSE,FALSE,OPEN,,,,ALI UL MURTAZA BLOCK,C,C,AM,FALSE,,,28767897
501,4,RESIDENTIAL,FALSE,TRUE,OPEN,,,,ALI UL MURTAZA BLOCK,C,C,AM,FALSE,,,28767897
502,5,RESIDENTIAL,FALSE,TRUE,OPEN,,,,ALI UL MURTAZA BLOCK,C,C,AM,FALSE,,,28767897
503,4,RESIDENTIAL,FALSE,FALSE,OPEN,,,,ALI UL MURTAZA BLOCK,C,C,AM,FALSE,,,28767897
504,4,RESIDENTIAL,FALSE,FALSE,OPEN,,,,ALI UL MURTAZA BLOCK,C,C,AM,FALSE,,,28767897
505,4,RESIDENTIAL,FALSE,FALSE,OPEN,,,,ALI UL MURTAZA BLOCK,C,C,AM,FALSE,,,28767897
506,4,RESIDENTIAL,FALSE,FALSE,OPEN,,,,ALI UL MURTAZA BLOCK,C,C,AM,FALSE,,,28767897
507,4,RESIDENTIAL,FALSE,FALSE,OPEN,,,,ALI UL MURTAZA BLOCK,C,C,AM,FALSE,,,28767897
508,4,RESIDENTIAL,FALSE,FALSE,OPEN,,,,ALI UL MURTAZA BLOCK,C,C,AM,FALSE,,,28767897
509,4,RESIDENTIAL,FALSE,FALSE,OPEN,,,,ALI UL MURTAZA BLOCK,C,C,AM,FALSE,,,28767897
510,4,RESIDENTIAL,FALSE,FALSE,OPEN,,,,ALI UL MURTAZA BLOCK,C,C,AM,FALSE,,,28767897
511,4,RESIDENTIAL,FALSE,FALSE,OPEN,,,,ALI UL MURTAZA BLOCK,C,C,AM,FALSE,,,28767897
512,4,RESIDENTIAL,FALSE,FALSE,OPEN,,,,ALI UL MURTAZA BLOCK,C,C,AM,FALSE,,,28767897
513,4,RESIDENTIAL,FALSE,FALSE,OPEN,,,,ALI UL MURTAZA BLOCK,C,C,AM,FALSE,,,28767897
514,4,RESIDENTIAL,FALSE,FALSE,OPEN,,,,ALI UL MURTAZA BLOCK,C,C,AM,FALSE,,,28767897
515,4,RESIDENTIAL,FALSE,FALSE,OPEN,,,,ALI UL MURTAZA BLOCK,C,C,AM,FALSE,,,28767897
516,4,RESIDENTIAL,FALSE,FALSE,OPEN,,,,ALI UL MURTAZA BLOCK,C,C,AM,FALSE,,,28767897
517,4,RESIDENTIAL,FALSE,FALSE,OPEN,,,,ALI UL MURTAZA BLOCK,C,C,AM,FALSE,,,28767897
518,4,RESIDENTIAL,FALSE,FALSE,OPEN,,,,ALI UL MURTAZA BLOCK,C,C,AM,FALSE,,,28767897
519,4,RESIDENTIAL,FALSE,FALSE,OPEN,,,,ALI UL MURTAZA BLOCK,C,C,AM,FALSE,,,28767897
520,4,RESIDENTIAL,FALSE,FALSE,OPEN,,,,ALI UL MURTAZA BLOCK,C,C,AM,FALSE,,,28767897
521,4,RESIDENTIAL,FALSE,FALSE,OPEN,,,,ALI UL MURTAZA BLOCK,C,C,AM,FALSE,,,28767897
522,4,RESIDENTIAL,FALSE,FALSE,OPEN,,,,ALI UL MURTAZA BLOCK,C,C,AM,FALSE,,,28767897
523,9,RESIDENTIAL,FALSE,TRUE,OPEN,,,,ALI UL MURTAZA BLOCK,C,C,AM,FALSE,,,28767897
524,10,RESIDENTIAL,FALSE,TRUE,OPEN,,,,ALI UL MURTAZA BLOCK,C,C,AM,FALSE,,,28767897
525,8,RESIDENTIAL,FALSE,FALSE,OPEN,,,,ALI UL MURTAZA BLOCK,C,C,AM,FALSE,,,28767897
526,8,RESIDENTIAL,FALSE,FALSE,OPEN,,,,ALI UL MURTAZA BLOCK,C,C,AM,FALSE,,,28767897
527,8,RESIDENTIAL,FALSE,FALSE,OPEN,,,,ALI UL MURTAZA BLOCK,C,C,AM,FALSE,,,28767897
528,8,RESIDENTIAL,FALSE,FALSE,OPEN,,,,ALI UL MURTAZA BLOCK,C,C,AM,FALSE,,,28767897
529,8,RESIDENTIAL,FALSE,FALSE,OPEN,,,,ALI UL MURTAZA BLOCK,C,C,AM,FALSE,,,28767897
530,8,RESIDENTIAL,FALSE,FALSE,OPEN,,,,ALI UL MURTAZA BLOCK,C,C,AM,FALSE,,,28767897
531,8,RESIDENTIAL,FALSE,FALSE,OPEN,,,,ALI UL MURTAZA BLOCK,C,C,AM,FALSE,,,28767897
532,8,RESIDENTIAL,FALSE,FALSE,OPEN,,,,ALI UL MURTAZA BLOCK,C,C,AM,FALSE,,,28767897
533,8,RESIDENTIAL,FALSE,FALSE,OPEN,,,,ALI UL MURTAZA BLOCK,C,C,AM,FALSE,,,28767897
534,8,RESIDENTIAL,FALSE,FALSE,OPEN,,,,ALI UL MURTAZA BLOCK,C,C,AM,FALSE,,,28767897
535,8,RESIDENTIAL,FALSE,FALSE,OPEN,,,,ALI UL MURTAZA BLOCK,C,C,AM,FALSE,,,28767897
536,8,RESIDENTIAL,FALSE,FALSE,OPEN,,,,ALI UL MURTAZA BLOCK,C,C,AM,FALSE,,,28767897
537,10,RESIDENTIAL,FALSE,TRUE,OPEN,,,,ALI UL MURTAZA BLOCK,C,C,AM,FALSE,,,28767897
538,3,RESIDENTIAL,FALSE,FALSE,OPEN,,,,ALI UL MURTAZA BLOCK,C,C,AM,FALSE,,,28767897
539,3,RESIDENTIAL,FALSE,FALSE,OPEN,,,,ALI UL MURTAZA BLOCK,C,C,AM,FALSE,,,28767897
540,3,RESIDENTIAL,FALSE,FALSE,OPEN,,,,ALI UL MURTAZA BLOCK,C,C,AM,FALSE,,,28767897
541,3,RESIDENTIAL,FALSE,FALSE,OPEN,,,,ALI UL MURTAZA BLOCK,C,C,AM,FALSE,,,28767897
542,3,RESIDENTIAL,FALSE,FALSE,OPEN,,,,ALI UL MURTAZA BLOCK,C,C,AM,FALSE,,,28767897
543,3,RESIDENTIAL,FALSE,FALSE,OPEN,,,,ALI UL MURTAZA BLOCK,C,C,AM,FALSE,,,28767897
544,3,RESIDENTIAL,FALSE,FALSE,OPEN,,,,ALI UL MURTAZA BLOCK,C,C,AM,FALSE,,,28767897
545,3,RESIDENTIAL,FALSE,FALSE,OPEN,,,,ALI UL MURTAZA BLOCK,C,C,AM,FALSE,,,28767897
546,3,RESIDENTIAL,FALSE,FALSE,OPEN,,,,ALI UL MURTAZA BLOCK,C,C,AM,FALSE,,,28767897
547,3,RESIDENTIAL,FALSE,FALSE,OPEN,,,,ALI UL MURTAZA BLOCK,C,C,AM,FALSE,,,28767897
548,3,RESIDENTIAL,FALSE,FALSE,OPEN,,,,ALI UL MURTAZA BLOCK,C,C,AM,FALSE,,,28767897
549,4,RESIDENTIAL,FALSE,TRUE,OPEN,,,,ALI UL MURTAZA BLOCK,C,C,AM,FALSE,,,28767897
550,3,RESIDENTIAL,FALSE,FALSE,OPEN,,,,ALI UL MURTAZA BLOCK,C,C,AM,FALSE,,,28767897
551,3,RESIDENTIAL,FALSE,FALSE,OPEN,,,,ALI UL MURTAZA BLOCK,C,C,AM,FALSE,,,28767897
552,3,RESIDENTIAL,FALSE,FALSE,OPEN,,,,ALI UL MURTAZA BLOCK,C,C,AM,FALSE,,,28767897
553,3,RESIDENTIAL,FALSE,FALSE,OPEN,,,,ALI UL MURTAZA BLOCK,C,C,AM,FALSE,,,28767897
554,3,RESIDENTIAL,FALSE,FALSE,OPEN,,,,ALI UL MURTAZA BLOCK,C,C,AM,FALSE,,,28767897
555,3,RESIDENTIAL,FALSE,FALSE,OPEN,,,,ALI UL MURTAZA BLOCK,C,C,AM,FALSE,,,28767897
556,3,RESIDENTIAL,FALSE,FALSE,OPEN,,,,ALI UL MURTAZA BLOCK,C,C,AM,FALSE,,,28767897
557,3,RESIDENTIAL,FALSE,FALSE,OPEN,,,,ALI UL MURTAZA BLOCK,C,C,AM,FALSE,,,28767897
558,3,RESIDENTIAL,FALSE,FALSE,OPEN,,,,ALI UL MURTAZA BLOCK,C,C,AM,FALSE,,,28767897
559,4,RESIDENTIAL,FALSE,FALSE,OPEN,,,,ALI UL MURTAZA BLOCK,C,C,AM,FALSE,,,28767897
560,4,RESIDENTIAL,FALSE,FALSE,OPEN,,,,ALI UL MURTAZA BLOCK,C,C,AM,FALSE,,,28767897
561,3,RESIDENTIAL,FALSE,FALSE,OPEN,,,,ALI UL MURTAZA BLOCK,C,C,AM,FALSE,,,28767897
562,3,RESIDENTIAL,FALSE,FALSE,OPEN,,,,ALI UL MURTAZA BLOCK,C,C,AM,FALSE,,,28767897
563,3,RESIDENTIAL,FALSE,FALSE,OPEN,,,,ALI UL MURTAZA BLOCK,C,C,AM,FALSE,,,28767897
564,3,RESIDENTIAL,FALSE,FALSE,OPEN,,,,ALI UL MURTAZA BLOCK,C,C,AM,FALSE,,,28767897
565,3,RESIDENTIAL,FALSE,FALSE,OPEN,,,,ALI UL MURTAZA BLOCK,C,C,AM,FALSE,,,28767897
566,3,RESIDENTIAL,FALSE,FALSE,OPEN,,,,ALI UL MURTAZA BLOCK,C,C,AM,FALSE,,,28767897
567,3,RESIDENTIAL,FALSE,FALSE,OPEN,,,,ALI UL MURTAZA BLOCK,C,C,AM,FALSE,,,28767897
568,3,RESIDENTIAL,FALSE,FALSE,OPEN,,,,ALI UL MURTAZA BLOCK,C,C,AM,FALSE,,,28767897
569,3,RESIDENTIAL,FALSE,FALSE,OPEN,,,,ALI UL MURTAZA BLOCK,C,C,AM,FALSE,,,28767897
570,4,RESIDENTIAL,FALSE,TRUE,OPEN,,,,ALI UL MURTAZA BLOCK,C,C,AM,FALSE,,,28767897
571,4,RESIDENTIAL,FALSE,TRUE,OPEN,,,,ALI UL MURTAZA BLOCK,C,C,AM,FALSE,,,28767897
572,3,RESIDENTIAL,FALSE,FALSE,OPEN,,,,ALI UL MURTAZA BLOCK,C,C,AM,FALSE,,,28767897
573,3,RESIDENTIAL,FALSE,FALSE,OPEN,,,,ALI UL MURTAZA BLOCK,C,C,AM,FALSE,,,28767897
574,3,RESIDENTIAL,FALSE,FALSE,OPEN,,,,ALI UL MURTAZA BLOCK,C,C,AM,FALSE,,,28767897
575,3,RESIDENTIAL,FALSE,FALSE,OPEN,,,,ALI UL MURTAZA BLOCK,C,C,AM,FALSE,,,28767897
576,3,RESIDENTIAL,FALSE,FALSE,OPEN,,,,ALI UL MURTAZA BLOCK,C,C,AM,FALSE,,,28767897
577,3,RESIDENTIAL,FALSE,FALSE,OPEN,,,,ALI UL MURTAZA BLOCK,C,C,AM,FALSE,,,28767897
578,3,RESIDENTIAL,FALSE,FALSE,OPEN,,,,ALI UL MURTAZA BLOCK,C,C,AM,FALSE,,,28767897
579,3,RESIDENTIAL,FALSE,FALSE,OPEN,,,,ALI UL MURTAZA BLOCK,C,C,AM,FALSE,,,28767897
580,3,RESIDENTIAL,FALSE,FALSE,OPEN,,,,ALI UL MURTAZA BLOCK,C,C,AM,FALSE,,,28767897
581,4,RESIDENTIAL,FALSE,FALSE,OPEN,,,,ALI UL MURTAZA BLOCK,C,C,AM,FALSE,,,28767897
582,4,RESIDENTIAL,FALSE,FALSE,OPEN,,,,ALI UL MURTAZA BLOCK,C,C,AM,FALSE,,,28767897
583,3,RESIDENTIAL,FALSE,FALSE,OPEN,,,,ALI UL MURTAZA BLOCK,C,C,AM,FALSE,,,28767897
584,3,RESIDENTIAL,FALSE,FALSE,OPEN,,,,ALI UL MURTAZA BLOCK,C,C,AM,FALSE,,,28767897
585,3,RESIDENTIAL,FALSE,FALSE,OPEN,,,,ALI UL MURTAZA BLOCK,C,C,AM,FALSE,,,28767897
586,3,RESIDENTIAL,FALSE,FALSE,OPEN,,,,ALI UL MURTAZA BLOCK,C,C,AM,FALSE,,,28767897
587,3,RESIDENTIAL,FALSE,FALSE,OPEN,,,,ALI UL MURTAZA BLOCK,C,C,AM,FALSE,,,28767897
588,3,RESIDENTIAL,FALSE,FALSE,OPEN,,,,ALI UL MURTAZA BLOCK,C,C,AM,FALSE,,,28767897
589,3,RESIDENTIAL,FALSE,FALSE,OPEN,,,,ALI UL MURTAZA BLOCK,C,C,AM,FALSE,,,28767897
590,3,RESIDENTIAL,FALSE,FALSE,OPEN,,,,ALI UL MURTAZA BLOCK,C,C,AM,FALSE,,,28767897
591,3,RESIDENTIAL,FALSE,FALSE,OPEN,,,,ALI UL MURTAZA BLOCK,C,C,AM,FALSE,,,28767897
592,4,RESIDENTIAL,FALSE,TRUE,OPEN,,,,ALI UL MURTAZA BLOCK,C,C,AM,FALSE,,,28767897
593,3,RESIDENTIAL,FALSE,FALSE,OPEN,,,,ALI UL MURTAZA BLOCK,C,C,AM,FALSE,,,28767897
594,3,RESIDENTIAL,FALSE,FALSE,OPEN,,,,ALI UL MURTAZA BLOCK,C,C,AM,FALSE,,,28767897
595,3,RESIDENTIAL,FALSE,FALSE,OPEN,,,,ALI UL MURTAZA BLOCK,C,C,AM,FALSE,,,28767897
596,3,RESIDENTIAL,FALSE,FALSE,OPEN,,,,ALI UL MURTAZA BLOCK,C,C,AM,FALSE,,,28767897
597,3,RESIDENTIAL,FALSE,FALSE,OPEN,,,,ALI UL MURTAZA BLOCK,C,C,AM,FALSE,,,28767897
598,3,RESIDENTIAL,FALSE,FALSE,OPEN,,,,ALI UL MURTAZA BLOCK,C,C,AM,FALSE,,,28767897
599,3,RESIDENTIAL,FALSE,FALSE,OPEN,,,,ALI UL MURTAZA BLOCK,C,C,AM,FALSE,,,28767897
600,3,RESIDENTIAL,FALSE,FALSE,OPEN,,,,ALI UL MURTAZA BLOCK,C,C,AM,FALSE,,,28767897
601,3,RESIDENTIAL,FALSE,FALSE,OPEN,,,,ALI UL MURTAZA BLOCK,C,C,AM,FALSE,,,28767897
602,3,RESIDENTIAL,FALSE,FALSE,OPEN,,,,ALI UL MURTAZA BLOCK,C,C,AM,FALSE,,,28767897
603,4,RESIDENTIAL,FALSE,FALSE,OPEN,,,,ALI UL MURTAZA BLOCK,C,C,AM,FALSE,,,28767897
1,6,RESIDENTIAL,FALSE,TRUE,OPEN,,,,USMAN E GHANI BLOCK,C,C,UG,FALSE,,,28767897
2,5,RESIDENTIAL,FALSE,FALSE,OPEN,,,,USMAN E GHANI BLOCK,C,C,UG,FALSE,,,28767897
3,5,RESIDENTIAL,FALSE,FALSE,OPEN,,,,USMAN E GHANI BLOCK,C,C,UG,FALSE,,,28767897
4,5,RESIDENTIAL,FALSE,FALSE,OPEN,,,,USMAN E GHANI BLOCK,C,C,UG,FALSE,,,28767897
5,5,RESIDENTIAL,FALSE,FALSE,OPEN,,,,USMAN E GHANI BLOCK,C,C,UG,FALSE,,,28767897
6,5,RESIDENTIAL,FALSE,FALSE,OPEN,,,,USMAN E GHANI BLOCK,C,C,UG,FALSE,,,28767897
7,5,RESIDENTIAL,FALSE,FALSE,OPEN,,,,USMAN E GHANI BLOCK,C,C,UG,FALSE,,,28767897
8,5,RESIDENTIAL,FALSE,FALSE,OPEN,,,,USMAN E GHANI BLOCK,C,C,UG,FALSE,,,28767897
9,5,RESIDENTIAL,FALSE,FALSE,OPEN,,,,USMAN E GHANI BLOCK,C,C,UG,FALSE,,,28767897
10,5,RESIDENTIAL,FALSE,FALSE,OPEN,,,,USMAN E GHANI BLOCK,C,C,UG,FALSE,,,28767897
11,5,RESIDENTIAL,FALSE,FALSE,OPEN,,,,USMAN E GHANI BLOCK,C,C,UG,FALSE,,,28767897
12,5,RESIDENTIAL,FALSE,FALSE,OPEN,,,,USMAN E GHANI BLOCK,C,C,UG,FALSE,,,28767897
13,5,RESIDENTIAL,FALSE,FALSE,OPEN,,,,USMAN E GHANI BLOCK,C,C,UG,FALSE,,,28767897
14,5,RESIDENTIAL,FALSE,TRUE,OPEN,,,,USMAN E GHANI BLOCK,C,C,UG,FALSE,,,28767897
15,10,RESIDENTIAL,FALSE,TRUE,OPEN,,,,USMAN E GHANI BLOCK,C,C,UG,FALSE,,,28767897
16,8,RESIDENTIAL,FALSE,FALSE,OPEN,,,,USMAN E GHANI BLOCK,C,C,UG,FALSE,,,28767897
17,8,RESIDENTIAL,FALSE,FALSE,OPEN,,,,USMAN E GHANI BLOCK,C,C,UG,FALSE,,,28767897
18,8,RESIDENTIAL,FALSE,FALSE,OPEN,,,,USMAN E GHANI BLOCK,C,C,UG,FALSE,,,28767897
19,10,RESIDENTIAL,FALSE,TRUE,OPEN,,,,USMAN E GHANI BLOCK,C,C,UG,FALSE,,,28767897
20,5,RESIDENTIAL,FALSE,TRUE,OPEN,,,,USMAN E GHANI BLOCK,C,C,UG,FALSE,,,28767897
21,5,RESIDENTIAL,FALSE,FALSE,OPEN,,,,USMAN E GHANI BLOCK,C,C,UG,FALSE,,,28767897
22,5,RESIDENTIAL,FALSE,FALSE,OPEN,,,,USMAN E GHANI BLOCK,C,C,UG,FALSE,,,28767897
23,5,RESIDENTIAL,FALSE,FALSE,OPEN,,,,USMAN E GHANI BLOCK,C,C,UG,FALSE,,,28767897
24,5,RESIDENTIAL,FALSE,FALSE,OPEN,,,,USMAN E GHANI BLOCK,C,C,UG,FALSE,,,28767897
25,5,RESIDENTIAL,FALSE,TRUE,OPEN,,,,USMAN E GHANI BLOCK,C,C,UG,FALSE,,,28767897
26,5,RESIDENTIAL,FALSE,TRUE,OPEN,,,,USMAN E GHANI BLOCK,C,C,UG,FALSE,,,28767897
27,5,RESIDENTIAL,FALSE,FALSE,OPEN,,,,USMAN E GHANI BLOCK,C,C,UG,FALSE,,,28767897
28,5,RESIDENTIAL,FALSE,FALSE,OPEN,,,,USMAN E GHANI BLOCK,C,C,UG,FALSE,,,28767897
29,5,RESIDENTIAL,FALSE,FALSE,OPEN,,,,USMAN E GHANI BLOCK,C,C,UG,FALSE,,,28767897
30,5,RESIDENTIAL,FALSE,FALSE,OPEN,,,,USMAN E GHANI BLOCK,C,C,UG,FALSE,,,28767897
31,5,RESIDENTIAL,FALSE,FALSE,OPEN,,,,USMAN E GHANI BLOCK,C,C,UG,FALSE,,,28767897
32,5,RESIDENTIAL,FALSE,FALSE,OPEN,,,,USMAN E GHANI BLOCK,C,C,UG,FALSE,,,28767897
33,5,RESIDENTIAL,FALSE,TRUE,OPEN,,,,USMAN E GHANI BLOCK,C,C,UG,FALSE,,,28767897
34,5,RESIDENTIAL,FALSE,FALSE,OPEN,,,,USMAN E GHANI BLOCK,C,C,UG,FALSE,,,28767897
35,5,RESIDENTIAL,FALSE,FALSE,OPEN,,,,USMAN E GHANI BLOCK,C,C,UG,FALSE,,,28767897
36,5,RESIDENTIAL,FALSE,FALSE,OPEN,,,,USMAN E GHANI BLOCK,C,C,UG,FALSE,,,28767897
37,5,RESIDENTIAL,FALSE,FALSE,OPEN,,,,USMAN E GHANI BLOCK,C,C,UG,FALSE,,,28767897
38,5,RESIDENTIAL,FALSE,FALSE,OPEN,,,,USMAN E GHANI BLOCK,C,C,UG,FALSE,,,28767897
39,5,RESIDENTIAL,FALSE,FALSE,OPEN,,,,USMAN E GHANI BLOCK,C,C,UG,FALSE,,,19731298
40,5,RESIDENTIAL,FALSE,FALSE,OPEN,,,,USMAN E GHANI BLOCK,C,C,UG,FALSE,,,19731298
41,5,RESIDENTIAL,FALSE,FALSE,OPEN,,,,USMAN E GHANI BLOCK,C,C,UG,FALSE,,,19731298
42,5,RESIDENTIAL,FALSE,FALSE,OPEN,,,,USMAN E GHANI BLOCK,C,C,UG,FALSE,,,19731298
43,5,RESIDENTIAL,FALSE,FALSE,OPEN,,,,USMAN E GHANI BLOCK,C,C,UG,FALSE,,,19731298
44,5,RESIDENTIAL,FALSE,FALSE,OPEN,,,,USMAN E GHANI BLOCK,C,C,UG,FALSE,,,19731298
45,5,RESIDENTIAL,FALSE,FALSE,OPEN,,,,USMAN E GHANI BLOCK,C,C,UG,FALSE,,,19731298
46,8,RESIDENTIAL,FALSE,TRUE,OPEN,,,,USMAN E GHANI BLOCK,C,C,UG,FALSE,,,19731298
47,23,RESIDENTIAL,TRUE,TRUE,OPEN,,,,USMAN E GHANI BLOCK,C,C,UG,FALSE,,,19731298
48,12,RESIDENTIAL,TRUE,TRUE,OPEN,,,,USMAN E GHANI BLOCK,C,C,UG,FALSE,,,19731298
49,12,RESIDENTIAL,TRUE,TRUE,OPEN,,,,USMAN E GHANI BLOCK,C,C,UG,FALSE,,,19731298
50,12,RESIDENTIAL,TRUE,TRUE,OPEN,,,,USMAN E GHANI BLOCK,C,C,UG,FALSE,,,19731298
51,12,RESIDENTIAL,TRUE,TRUE,OPEN,,,,USMAN E GHANI BLOCK,C,C,UG,FALSE,,,19731298
52,12,RESIDENTIAL,TRUE,TRUE,OPEN,,,,USMAN E GHANI BLOCK,C,C,UG,FALSE,,,19731298
53,12,RESIDENTIAL,TRUE,TRUE,OPEN,,,,USMAN E GHANI BLOCK,C,C,UG,FALSE,,,19731298
54,12,RESIDENTIAL,TRUE,TRUE,OPEN,,,,USMAN E GHANI BLOCK,C,C,UG,FALSE,,,19731298
55,7,RESIDENTIAL,FALSE,TRUE,OPEN,,,,USMAN E GHANI BLOCK,C,C,UG,FALSE,,,19731298
56,7,RESIDENTIAL,FALSE,FALSE,OPEN,,,,USMAN E GHANI BLOCK,C,C,UG,FALSE,,,19731298
57,7,RESIDENTIAL,FALSE,FALSE,OPEN,,,,USMAN E GHANI BLOCK,C,C,UG,FALSE,,,19731298
58,7,RESIDENTIAL,FALSE,FALSE,OPEN,,,,USMAN E GHANI BLOCK,C,C,UG,FALSE,,,19731298
59,7,RESIDENTIAL,FALSE,FALSE,OPEN,,,,USMAN E GHANI BLOCK,C,C,UG,FALSE,,,19731298
60,7,RESIDENTIAL,FALSE,FALSE,OPEN,,,,USMAN E GHANI BLOCK,C,C,UG,FALSE,,,19731298
61,7,RESIDENTIAL,FALSE,FALSE,OPEN,,,,USMAN E GHANI BLOCK,C,C,UG,FALSE,,,19731298
62,7,RESIDENTIAL,FALSE,FALSE,OPEN,,,,USMAN E GHANI BLOCK,C,C,UG,FALSE,,,19731298
63,7,RESIDENTIAL,FALSE,FALSE,OPEN,,,,USMAN E GHANI BLOCK,C,C,UG,FALSE,,,19731298
64,7,RESIDENTIAL,FALSE,FALSE,OPEN,,,,USMAN E GHANI BLOCK,C,C,UG,FALSE,,,19731298
65,9,RESIDENTIAL,FALSE,TRUE,OPEN,,,,USMAN E GHANI BLOCK,C,C,UG,FALSE,,,19731298
66,17,RESIDENTIAL,FALSE,TRUE,OPEN,,,,USMAN E GHANI BLOCK,C,C,UG,FALSE,,,19731298
67,0,RESIDENTIAL,FALSE,FALSE,OPEN,,,,USMAN E GHANI BLOCK,C,C,UG,FALSE,,,19731298
68,0,RESIDENTIAL,FALSE,FALSE,OPEN,,,,USMAN E GHANI BLOCK,C,C,UG,FALSE,,,19731298
69,0,RESIDENTIAL,FALSE,FALSE,OPEN,,,,USMAN E GHANI BLOCK,C,C,UG,FALSE,,,19731298
70,0,RESIDENTIAL,FALSE,FALSE,OPEN,,,,USMAN E GHANI BLOCK,C,C,UG,FALSE,,,19731298
71,22,RESIDENTIAL,FALSE,FALSE,OPEN,,,,USMAN E GHANI BLOCK,C,C,UG,FALSE,,,19731298
72,16,RESIDENTIAL,FALSE,FALSE,OPEN,,,,USMAN E GHANI BLOCK,C,C,UG,FALSE,,,19731298
73,7,RESIDENTIAL,FALSE,FALSE,OPEN,,,,USMAN E GHANI BLOCK,C,C,UG,FALSE,,,19731298
74,7,RESIDENTIAL,FALSE,FALSE,OPEN,,,,USMAN E GHANI BLOCK,C,C,UG,FALSE,,,19731298
75,7,RESIDENTIAL,FALSE,FALSE,OPEN,,,,USMAN E GHANI BLOCK,C,C,UG,FALSE,,,19731298
76,7,RESIDENTIAL,FALSE,FALSE,OPEN,,,,USMAN E GHANI BLOCK,C,C,UG,FALSE,,,19731298
77,7,RESIDENTIAL,FALSE,FALSE,OPEN,,,,USMAN E GHANI BLOCK,C,C,UG,FALSE,,,19731298
78,7,RESIDENTIAL,FALSE,FALSE,OPEN,,,,USMAN E GHANI BLOCK,C,C,UG,FALSE,,,19731298
79,7,RESIDENTIAL,FALSE,FALSE,OPEN,,,,USMAN E GHANI BLOCK,C,C,UG,FALSE,,,19731298
80,7,RESIDENTIAL,FALSE,FALSE,OPEN,,,,USMAN E GHANI BLOCK,C,C,UG,FALSE,,,19731298
81,7,RESIDENTIAL,FALSE,FALSE,OPEN,,,,USMAN E GHANI BLOCK,C,C,UG,FALSE,,,19731298
82,7,RESIDENTIAL,FALSE,FALSE,OPEN,,,,USMAN E GHANI BLOCK,C,C,UG,FALSE,,,19731298
83,7,RESIDENTIAL,FALSE,TRUE,OPEN,,,,USMAN E GHANI BLOCK,C,C,UG,FALSE,,,19731298
84,10,RESIDENTIAL,FALSE,TRUE,OPEN,,,,USMAN E GHANI BLOCK,C,C,UG,FALSE,,,19731298
85,7,RESIDENTIAL,FALSE,FALSE,OPEN,,,,USMAN E GHANI BLOCK,C,C,UG,FALSE,,,19731298
86,7,RESIDENTIAL,FALSE,FALSE,OPEN,,,,USMAN E GHANI BLOCK,C,C,UG,FALSE,,,19731298
87,7,RESIDENTIAL,FALSE,FALSE,OPEN,,,,USMAN E GHANI BLOCK,C,C,UG,FALSE,,,19731298
88,7,RESIDENTIAL,FALSE,FALSE,OPEN,,,,USMAN E GHANI BLOCK,C,C,UG,FALSE,,,19731298
89,7,RESIDENTIAL,FALSE,FALSE,OPEN,,,,USMAN E GHANI BLOCK,C,C,UG,FALSE,,,19731298
90,4.5,RESIDENTIAL,FALSE,FALSE,OPEN,,,,USMAN E GHANI BLOCK,C,C,UG,FALSE,,,19731298
91,4.5,RESIDENTIAL,FALSE,FALSE,OPEN,,,,USMAN E GHANI BLOCK,C,C,UG,FALSE,,,19731298
92,4.5,RESIDENTIAL,FALSE,FALSE,OPEN,,,,USMAN E GHANI BLOCK,C,C,UG,FALSE,,,19731298
93,4.5,RESIDENTIAL,FALSE,FALSE,OPEN,,,,USMAN E GHANI BLOCK,C,C,UG,FALSE,,,19731298
94,4.5,RESIDENTIAL,FALSE,FALSE,OPEN,,,,USMAN E GHANI BLOCK,C,C,UG,FALSE,,,19731298
95,4.5,RESIDENTIAL,FALSE,FALSE,OPEN,,,,USMAN E GHANI BLOCK,C,C,UG,FALSE,,,19731298
96,8,RESIDENTIAL,FALSE,TRUE,OPEN,,,,USMAN E GHANI BLOCK,C,C,UG,FALSE,,,19731298
97,9,RESIDENTIAL,FALSE,TRUE,OPEN,,,,USMAN E GHANI BLOCK,C,C,UG,FALSE,,,19731298
98,4.5,RESIDENTIAL,FALSE,FALSE,OPEN,,,,USMAN E GHANI BLOCK,C,C,UG,FALSE,,,19731298
99,4.5,RESIDENTIAL,FALSE,FALSE,OPEN,,,,USMAN E GHANI BLOCK,C,C,UG,FALSE,,,19731298
100,4.5,RESIDENTIAL,FALSE,FALSE,OPEN,,,,USMAN E GHANI BLOCK,C,C,UG,FALSE,,,19731298
101,4.5,RESIDENTIAL,FALSE,FALSE,OPEN,,,,USMAN E GHANI BLOCK,C,C,UG,FALSE,,,19731298
102,4.5,RESIDENTIAL,FALSE,FALSE,OPEN,,,,USMAN E GHANI BLOCK,C,C,UG,FALSE,,,19731298
103,4.5,RESIDENTIAL,FALSE,FALSE,OPEN,,,,USMAN E GHANI BLOCK,C,C,UG,FALSE,,,19731298
104,4.5,RESIDENTIAL,FALSE,FALSE,OPEN,,,,USMAN E GHANI BLOCK,C,C,UG,FALSE,,,19731298
105,4.5,RESIDENTIAL,FALSE,FALSE,OPEN,,,,USMAN E GHANI BLOCK,C,C,UG,FALSE,,,19731298
106,4.5,RESIDENTIAL,FALSE,FALSE,OPEN,,,,USMAN E GHANI BLOCK,C,C,UG,FALSE,,,19731298
107,4.5,RESIDENTIAL,FALSE,TRUE,OPEN,,,,USMAN E GHANI BLOCK,C,C,UG,FALSE,,,19731298
108,4.5,RESIDENTIAL,FALSE,TRUE,OPEN,,,,USMAN E GHANI BLOCK,C,C,UG,FALSE,,,19731298
109,4.5,RESIDENTIAL,FALSE,FALSE,OPEN,,,,USMAN E GHANI BLOCK,C,C,UG,FALSE,,,19731298
110,4.5,RESIDENTIAL,FALSE,FALSE,OPEN,,,,USMAN E GHANI BLOCK,C,C,UG,FALSE,,,19731298
111,4.5,RESIDENTIAL,FALSE,FALSE,OPEN,,,,USMAN E GHANI BLOCK,C,C,UG,FALSE,,,19731298
112,4.5,RESIDENTIAL,FALSE,FALSE,OPEN,,,,USMAN E GHANI BLOCK,C,C,UG,FALSE,,,19731298
113,4.5,RESIDENTIAL,FALSE,FALSE,OPEN,,,,USMAN E GHANI BLOCK,C,C,UG,FALSE,,,19731298
114,4.5,RESIDENTIAL,FALSE,FALSE,OPEN,,,,USMAN E GHANI BLOCK,C,C,UG,FALSE,,,19731298
115,4.5,RESIDENTIAL,FALSE,FALSE,OPEN,,,,USMAN E GHANI BLOCK,C,C,UG,FALSE,,,19731298
116,4.5,RESIDENTIAL,FALSE,FALSE,OPEN,,,,USMAN E GHANI BLOCK,C,C,UG,FALSE,,,19731298
117,4.5,RESIDENTIAL,FALSE,FALSE,OPEN,,,,USMAN E GHANI BLOCK,C,C,UG,FALSE,,,19731298
118,9,RESIDENTIAL,FALSE,TRUE,OPEN,,,,USMAN E GHANI BLOCK,C,C,UG,FALSE,,,19731298
119,9,RESIDENTIAL,FALSE,TRUE,OPEN,,,,USMAN E GHANI BLOCK,C,C,UG,FALSE,,,19731298
120,4.5,RESIDENTIAL,FALSE,FALSE,OPEN,,,,USMAN E GHANI BLOCK,C,C,UG,FALSE,,,19731298
121,4.5,RESIDENTIAL,FALSE,FALSE,OPEN,,,,USMAN E GHANI BLOCK,C,C,UG,FALSE,,,19731298
122,4.5,RESIDENTIAL,FALSE,FALSE,OPEN,,,,USMAN E GHANI BLOCK,C,C,UG,FALSE,,,19731298
123,4.5,RESIDENTIAL,FALSE,FALSE,OPEN,,,,USMAN E GHANI BLOCK,C,C,UG,FALSE,,,19731298
124,4.5,RESIDENTIAL,FALSE,FALSE,OPEN,,,,USMAN E GHANI BLOCK,C,C,UG,FALSE,,,19731298
125,4.5,RESIDENTIAL,FALSE,FALSE,OPEN,,,,USMAN E GHANI BLOCK,C,C,UG,FALSE,,,19731298
126,4.5,RESIDENTIAL,FALSE,FALSE,OPEN,,,,USMAN E GHANI BLOCK,C,C,UG,FALSE,,,19731298
127,4.5,RESIDENTIAL,FALSE,FALSE,OPEN,,,,USMAN E GHANI BLOCK,C,C,UG,FALSE,,,19731298
128,4.5,RESIDENTIAL,FALSE,FALSE,OPEN,,,,USMAN E GHANI BLOCK,C,C,UG,FALSE,,,19731298
129,4.5,RESIDENTIAL,FALSE,TRUE,OPEN,,,,USMAN E GHANI BLOCK,C,C,UG,FALSE,,,19731298
130,3.5,RESIDENTIAL,FALSE,TRUE,OPEN,,,,USMAN E GHANI BLOCK,C,C,UG,FALSE,,,19731298
131,3.5,RESIDENTIAL,FALSE,FALSE,OPEN,,,,USMAN E GHANI BLOCK,C,C,UG,FALSE,,,19731298
132,3.5,RESIDENTIAL,FALSE,FALSE,OPEN,,,,USMAN E GHANI BLOCK,C,C,UG,FALSE,,,19731298
133,3.5,RESIDENTIAL,FALSE,FALSE,OPEN,,,,USMAN E GHANI BLOCK,C,C,UG,FALSE,,,19731298
134,3.5,RESIDENTIAL,FALSE,FALSE,OPEN,,,,USMAN E GHANI BLOCK,C,C,UG,FALSE,,,19731298
135,3.5,RESIDENTIAL,FALSE,FALSE,OPEN,,,,USMAN E GHANI BLOCK,C,C,UG,FALSE,,,19731298
136,3.5,RESIDENTIAL,FALSE,FALSE,OPEN,,,,USMAN E GHANI BLOCK,C,C,UG,FALSE,,,19731298
137,3.5,RESIDENTIAL,FALSE,FALSE,OPEN,,,,USMAN E GHANI BLOCK,C,C,UG,FALSE,,,19731298
138,3.5,RESIDENTIAL,FALSE,FALSE,OPEN,,,,USMAN E GHANI BLOCK,C,C,UG,FALSE,,,19731298
139,3.5,RESIDENTIAL,FALSE,FALSE,OPEN,,,,USMAN E GHANI BLOCK,C,C,UG,FALSE,,,19731298
140,3.5,RESIDENTIAL,FALSE,FALSE,OPEN,,,,USMAN E GHANI BLOCK,C,C,UG,FALSE,,,19731298
141,3.5,RESIDENTIAL,FALSE,FALSE,SOLD,,,,USMAN E GHANI BLOCK,C,C,UG,FALSE,,,19731298
142,10,RESIDENTIAL,FALSE,TRUE,OPEN,,,,USMAN E GHANI BLOCK,C,C,UG,FALSE,,,19731298
143,10,RESIDENTIAL,FALSE,TRUE,OPEN,,,,USMAN E GHANI BLOCK,C,C,UG,FALSE,,,19731298
144,3.5,RESIDENTIAL,FALSE,FALSE,OPEN,,,,USMAN E GHANI BLOCK,C,C,UG,FALSE,,,19731298
145,3.5,RESIDENTIAL,FALSE,FALSE,OPEN,,,,USMAN E GHANI BLOCK,C,C,UG,FALSE,,,19731298
146,3.5,RESIDENTIAL,FALSE,FALSE,OPEN,,,,USMAN E GHANI BLOCK,C,C,UG,FALSE,,,19731298
147,3.5,RESIDENTIAL,FALSE,FALSE,OPEN,,,,USMAN E GHANI BLOCK,C,C,UG,FALSE,,,19731298
148,3.5,RESIDENTIAL,FALSE,FALSE,OPEN,,,,USMAN E GHANI BLOCK,C,C,UG,FALSE,,,19731298
149,3.5,RESIDENTIAL,FALSE,FALSE,OPEN,,,,USMAN E GHANI BLOCK,C,C,UG,FALSE,,,19731298
150,3.5,RESIDENTIAL,FALSE,FALSE,OPEN,,,,USMAN E GHANI BLOCK,C,C,UG,FALSE,,,19731298
151,3.5,RESIDENTIAL,FALSE,FALSE,OPEN,,,,USMAN E GHANI BLOCK,C,C,UG,FALSE,,,19731298
152,3.5,RESIDENTIAL,FALSE,FALSE,OPEN,,,,USMAN E GHANI BLOCK,C,C,UG,FALSE,,,19731298
153,3.5,RESIDENTIAL,FALSE,FALSE,OPEN,,,,USMAN E GHANI BLOCK,C,C,UG,FALSE,,,19731298
154,3.5,RESIDENTIAL,FALSE,FALSE,OPEN,,,,USMAN E GHANI BLOCK,C,C,UG,FALSE,,,19731298
155,3.5,RESIDENTIAL,FALSE,TRUE,OPEN,,,,USMAN E GHANI BLOCK,C,C,UG,FALSE,,,19731298
156,3.5,RESIDENTIAL,FALSE,TRUE,OPEN,,,,USMAN E GHANI BLOCK,C,C,UG,FALSE,,,19731298
157,3.5,RESIDENTIAL,FALSE,FALSE,OPEN,,,,USMAN E GHANI BLOCK,C,C,UG,FALSE,,,19731298
158,3.5,RESIDENTIAL,FALSE,FALSE,OPEN,,,,USMAN E GHANI BLOCK,C,C,UG,FALSE,,,19731298
159,3.5,RESIDENTIAL,FALSE,FALSE,OPEN,,,,USMAN E GHANI BLOCK,C,C,UG,FALSE,,,19731298
160,3.5,RESIDENTIAL,FALSE,FALSE,OPEN,,,,USMAN E GHANI BLOCK,C,C,UG,FALSE,,,19731298
161,3.5,RESIDENTIAL,FALSE,FALSE,OPEN,,,,USMAN E GHANI BLOCK,C,C,UG,FALSE,,,19731298
162,3.5,RESIDENTIAL,FALSE,FALSE,OPEN,,,,USMAN E GHANI BLOCK,C,C,UG,FALSE,,,19731298
163,3.5,RESIDENTIAL,FALSE,FALSE,OPEN,,,,USMAN E GHANI BLOCK,C,C,UG,FALSE,,,19731298
164,3.5,RESIDENTIAL,FALSE,FALSE,OPEN,,,,USMAN E GHANI BLOCK,C,C,UG,FALSE,,,19731298
165,3.5,RESIDENTIAL,FALSE,FALSE,OPEN,,,,USMAN E GHANI BLOCK,C,C,UG,FALSE,,,19731298
166,3.5,RESIDENTIAL,FALSE,FALSE,OPEN,,,,USMAN E GHANI BLOCK,C,C,UG,FALSE,,,19731298
167,3.5,RESIDENTIAL,FALSE,FALSE,OPEN,,,,USMAN E GHANI BLOCK,C,C,UG,FALSE,,,19731298
168,10,RESIDENTIAL,FALSE,TRUE,OPEN,,,,USMAN E GHANI BLOCK,C,C,UG,FALSE,,,19731298
169,10,RESIDENTIAL,FALSE,TRUE,OPEN,,,,USMAN E GHANI BLOCK,C,C,UG,FALSE,,,19731298
170,3.5,RESIDENTIAL,FALSE,FALSE,OPEN,,,,USMAN E GHANI BLOCK,C,C,UG,FALSE,,,19731298
171,3.5,RESIDENTIAL,FALSE,FALSE,OPEN,,,,USMAN E GHANI BLOCK,C,C,UG,FALSE,,,19731298
172,3.5,RESIDENTIAL,FALSE,FALSE,OPEN,,,,USMAN E GHANI BLOCK,C,C,UG,FALSE,,,19731298
173,3.5,RESIDENTIAL,FALSE,FALSE,OPEN,,,,USMAN E GHANI BLOCK,C,C,UG,FALSE,,,19731298
174,3.5,RESIDENTIAL,FALSE,FALSE,OPEN,,,,USMAN E GHANI BLOCK,C,C,UG,FALSE,,,19731298
175,3.5,RESIDENTIAL,FALSE,FALSE,OPEN,,,,USMAN E GHANI BLOCK,C,C,UG,FALSE,,,19731298
176,3.5,RESIDENTIAL,FALSE,FALSE,OPEN,,,,USMAN E GHANI BLOCK,C,C,UG,FALSE,,,19731298
177,3.5,RESIDENTIAL,FALSE,FALSE,OPEN,,,,USMAN E GHANI BLOCK,C,C,UG,FALSE,,,19731298
178,3.5,RESIDENTIAL,FALSE,FALSE,OPEN,,,,USMAN E GHANI BLOCK,C,C,UG,FALSE,,,19731298
179,3.5,RESIDENTIAL,FALSE,FALSE,OPEN,,,,USMAN E GHANI BLOCK,C,C,UG,FALSE,,,19731298
180,3.5,RESIDENTIAL,FALSE,FALSE,OPEN,,,,USMAN E GHANI BLOCK,C,C,UG,FALSE,,,19731298
181,3.5,RESIDENTIAL,FALSE,TRUE,OPEN,,,,USMAN E GHANI BLOCK,C,C,UG,FALSE,,,19731298
182,3.5,RESIDENTIAL,TRUE,TRUE,OPEN,,,,USMAN E GHANI BLOCK,C,C,UG,FALSE,,,19731298
183,3.5,RESIDENTIAL,FALSE,FALSE,OPEN,,,,USMAN E GHANI BLOCK,C,C,UG,FALSE,,,19731298
184,3.5,RESIDENTIAL,FALSE,FALSE,OPEN,,,,USMAN E GHANI BLOCK,C,C,UG,FALSE,,,19731298
185,3.5,RESIDENTIAL,FALSE,FALSE,OPEN,,,,USMAN E GHANI BLOCK,C,C,UG,FALSE,,,19731298
186,3.5,RESIDENTIAL,FALSE,FALSE,OPEN,,,,USMAN E GHANI BLOCK,C,C,UG,FALSE,,,19731298
187,3.5,RESIDENTIAL,FALSE,FALSE,OPEN,,,,USMAN E GHANI BLOCK,C,C,UG,FALSE,,,19731298
188,3.5,RESIDENTIAL,FALSE,FALSE,OPEN,,,,USMAN E GHANI BLOCK,C,C,UG,FALSE,,,19731298
189,3.5,RESIDENTIAL,FALSE,FALSE,OPEN,,,,USMAN E GHANI BLOCK,C,C,UG,FALSE,,,19731298
190,3.5,RESIDENTIAL,FALSE,FALSE,OPEN,,,,USMAN E GHANI BLOCK,C,C,UG,FALSE,,,19731298
191,3.5,RESIDENTIAL,FALSE,FALSE,OPEN,,,,USMAN E GHANI BLOCK,C,C,UG,FALSE,,,19731298
192,3.5,RESIDENTIAL,FALSE,FALSE,OPEN,,,,USMAN E GHANI BLOCK,C,C,UG,FALSE,,,19731298
193,3.5,RESIDENTIAL,FALSE,FALSE,OPEN,,,,USMAN E GHANI BLOCK,C,C,UG,FALSE,,,19731298
194,10,RESIDENTIAL,FALSE,TRUE,OPEN,,,,USMAN E GHANI BLOCK,C,C,UG,FALSE,,,19731298
195,4,RESIDENTIAL,FALSE,FALSE,OPEN,,,,USMAN E GHANI BLOCK,C,C,UG,FALSE,,,19731298
196,4,RESIDENTIAL,FALSE,FALSE,OPEN,,,,USMAN E GHANI BLOCK,C,C,UG,FALSE,,,19731298
197,4,RESIDENTIAL,FALSE,FALSE,OPEN,,,,USMAN E GHANI BLOCK,C,C,UG,FALSE,,,19731298
198,4,RESIDENTIAL,FALSE,FALSE,OPEN,,,,USMAN E GHANI BLOCK,C,C,UG,FALSE,,,19731298
199,4,RESIDENTIAL,FALSE,FALSE,OPEN,,,,USMAN E GHANI BLOCK,C,C,UG,FALSE,,,19731298
200,4,RESIDENTIAL,FALSE,FALSE,OPEN,,,,USMAN E GHANI BLOCK,C,C,UG,FALSE,,,19731298
201,4,RESIDENTIAL,FALSE,FALSE,OPEN,,,,USMAN E GHANI BLOCK,C,C,UG,FALSE,,,19731298
202,4,RESIDENTIAL,FALSE,FALSE,OPEN,,,,USMAN E GHANI BLOCK,C,C,UG,FALSE,,,19731298
203,4,RESIDENTIAL,FALSE,FALSE,OPEN,,,,USMAN E GHANI BLOCK,C,C,UG,FALSE,,,19731298
204,4,RESIDENTIAL,FALSE,FALSE,OPEN,,,,USMAN E GHANI BLOCK,C,C,UG,FALSE,,,19731298
205,4,RESIDENTIAL,FALSE,FALSE,OPEN,,,,USMAN E GHANI BLOCK,C,C,UG,FALSE,,,19731298
206,4,RESIDENTIAL,FALSE,FALSE,OPEN,,,,USMAN E GHANI BLOCK,C,C,UG,FALSE,,,19731298
207,4,RESIDENTIAL,FALSE,FALSE,OPEN,,,,USMAN E GHANI BLOCK,C,C,UG,FALSE,,,19731298
208,4,RESIDENTIAL,FALSE,FALSE,OPEN,,,,USMAN E GHANI BLOCK,C,C,UG,FALSE,,,19731298
209,4,RESIDENTIAL,FALSE,FALSE,OPEN,,,,USMAN E GHANI BLOCK,C,C,UG,FALSE,,,19731298
210,4,RESIDENTIAL,FALSE,FALSE,OPEN,,,,USMAN E GHANI BLOCK,C,C,UG,FALSE,,,19731298
211,4,RESIDENTIAL,FALSE,FALSE,OPEN,,,,USMAN E GHANI BLOCK,C,C,UG,FALSE,,,19731298
212,4,RESIDENTIAL,FALSE,FALSE,OPEN,,,,USMAN E GHANI BLOCK,C,C,UG,FALSE,,,19731298
213,4,RESIDENTIAL,FALSE,FALSE,OPEN,,,,USMAN E GHANI BLOCK,C,C,UG,FALSE,,,19731298
214,4,RESIDENTIAL,FALSE,FALSE,OPEN,,,,USMAN E GHANI BLOCK,C,C,UG,FALSE,,,19731298
215,4,RESIDENTIAL,FALSE,FALSE,OPEN,,,,USMAN E GHANI BLOCK,C,C,UG,FALSE,,,19731298
216,4,RESIDENTIAL,FALSE,FALSE,OPEN,,,,USMAN E GHANI BLOCK,C,C,UG,FALSE,,,19731298
217,4,RESIDENTIAL,FALSE,FALSE,OPEN,,,,USMAN E GHANI BLOCK,C,C,UG,FALSE,,,19731298
218,4,RESIDENTIAL,TRUE,FALSE,OPEN,,,,USMAN E GHANI BLOCK,C,C,UG,FALSE,,,19731298
219,4,RESIDENTIAL,TRUE,FALSE,OPEN,,,,USMAN E GHANI BLOCK,C,C,UG,FALSE,,,19731298
220,4,RESIDENTIAL,TRUE,FALSE,OPEN,,,,USMAN E GHANI BLOCK,C,C,UG,FALSE,,,19731298
221,4,RESIDENTIAL,TRUE,FALSE,OPEN,,,,USMAN E GHANI BLOCK,C,C,UG,FALSE,,,19731298
222,7,RESIDENTIAL,FALSE,FALSE,OPEN,,,,USMAN E GHANI BLOCK,C,C,UG,FALSE,,,19731298
223,4,RESIDENTIAL,FALSE,FALSE,OPEN,,,,USMAN E GHANI BLOCK,C,C,UG,FALSE,,,19731298
224,4,RESIDENTIAL,FALSE,FALSE,OPEN,,,,USMAN E GHANI BLOCK,C,C,UG,FALSE,,,19731298
225,4,RESIDENTIAL,TRUE,FALSE,OPEN,,,,USMAN E GHANI BLOCK,C,C,UG,FALSE,,,19731298
226,4,RESIDENTIAL,TRUE,FALSE,OPEN,,,,USMAN E GHANI BLOCK,C,C,UG,FALSE,,,19731298
227,4,RESIDENTIAL,TRUE,FALSE,OPEN,,,,USMAN E GHANI BLOCK,C,C,UG,FALSE,,,19731298
228,4,RESIDENTIAL,TRUE,FALSE,OPEN,,,,USMAN E GHANI BLOCK,C,C,UG,FALSE,,,19731298
229,4,RESIDENTIAL,TRUE,FALSE,OPEN,,,,USMAN E GHANI BLOCK,C,C,UG,FALSE,,,19731298
230,4,RESIDENTIAL,TRUE,FALSE,OPEN,,,,USMAN E GHANI BLOCK,C,C,UG,FALSE,,,19731298
231,4,RESIDENTIAL,TRUE,FALSE,OPEN,,,,USMAN E GHANI BLOCK,C,C,UG,FALSE,,,19731298
232,4,RESIDENTIAL,TRUE,FALSE,OPEN,,,,USMAN E GHANI BLOCK,C,C,UG,FALSE,,,19731298
233,4,RESIDENTIAL,TRUE,FALSE,OPEN,,,,USMAN E GHANI BLOCK,C,C,UG,FALSE,,,19731298
234,4,RESIDENTIAL,TRUE,FALSE,OPEN,,,,USMAN E GHANI BLOCK,C,C,UG,FALSE,,,19731298
235,4,RESIDENTIAL,TRUE,FALSE,OPEN,,,,USMAN E GHANI BLOCK,C,C,UG,FALSE,,,19731298
236,4,RESIDENTIAL,TRUE,FALSE,OPEN,,,,USMAN E GHANI BLOCK,C,C,UG,FALSE,,,19731298
237,5,RESIDENTIAL,TRUE,TRUE,OPEN,,,,USMAN E GHANI BLOCK,C,C,UG,FALSE,,,19731298
238,5,RESIDENTIAL,TRUE,FALSE,OPEN,,,,USMAN E GHANI BLOCK,C,C,UG,FALSE,,,19731298
239,4,RESIDENTIAL,TRUE,FALSE,OPEN,,,,USMAN E GHANI BLOCK,C,C,UG,FALSE,,,19731298
240,4,RESIDENTIAL,TRUE,FALSE,OPEN,,,,USMAN E GHANI BLOCK,C,C,UG,FALSE,,,19731298
241,4,RESIDENTIAL,TRUE,FALSE,OPEN,,,,USMAN E GHANI BLOCK,C,C,UG,FALSE,,,19731298
242,4,RESIDENTIAL,TRUE,FALSE,OPEN,,,,USMAN E GHANI BLOCK,C,C,UG,FALSE,,,19731298
243,4,RESIDENTIAL,FALSE,FALSE,OPEN,,,,USMAN E GHANI BLOCK,C,C,UG,FALSE,,,19731298
244,4,RESIDENTIAL,FALSE,FALSE,OPEN,,,,USMAN E GHANI BLOCK,C,C,UG,FALSE,,,19731298
245,8,RESIDENTIAL,FALSE,FALSE,OPEN,,,,USMAN E GHANI BLOCK,C,C,UG,FALSE,,,19731298
1,25,RESIDENTIAL,FALSE,TRUE,OPEN,,,,UMAR E FAROOQ BLOCK,C,C,UF,FALSE,,,19731298
2,10,RESIDENTIAL,FALSE,FALSE,OPEN,,,,UMAR E FAROOQ BLOCK,C,C,UF,FALSE,,,19731298
3,10,RESIDENTIAL,FALSE,FALSE,OPEN,,,,UMAR E FAROOQ BLOCK,C,C,UF,FALSE,,,19731298
4,10,RESIDENTIAL,FALSE,FALSE,OPEN,,,,UMAR E FAROOQ BLOCK,C,C,UF,FALSE,,,19731298
5,10,RESIDENTIAL,FALSE,FALSE,OPEN,,,,UMAR E FAROOQ BLOCK,C,C,UF,FALSE,,,19731298
6,10,RESIDENTIAL,FALSE,FALSE,OPEN,,,,UMAR E FAROOQ BLOCK,C,C,UF,FALSE,,,19731298
7,10,RESIDENTIAL,FALSE,FALSE,OPEN,,,,UMAR E FAROOQ BLOCK,C,C,UF,FALSE,,,19731298
8,21,RESIDENTIAL,FALSE,FALSE,OPEN,,,,UMAR E FAROOQ BLOCK,C,C,UF,FALSE,,,19731298
9,21,RESIDENTIAL,FALSE,FALSE,OPEN,,,,UMAR E FAROOQ BLOCK,C,C,UF,FALSE,,,19731298
10,15,RESIDENTIAL,FALSE,FALSE,OPEN,,,,UMAR E FAROOQ BLOCK,C,C,UF,FALSE,,,19731298
11,13,RESIDENTIAL,FALSE,FALSE,OPEN,,,,UMAR E FAROOQ BLOCK,C,C,UF,FALSE,,,19731298
12,13,RESIDENTIAL,FALSE,TRUE,OPEN,,,,UMAR E FAROOQ BLOCK,C,C,UF,FALSE,,,19731298
13,14,RESIDENTIAL,FALSE,TRUE,OPEN,,,,UMAR E FAROOQ BLOCK,C,C,UF,FALSE,,,19731298
14,10,RESIDENTIAL,FALSE,FALSE,OPEN,,,,UMAR E FAROOQ BLOCK,C,C,UF,FALSE,,,19731298
15,10,RESIDENTIAL,FALSE,FALSE,OPEN,,,,UMAR E FAROOQ BLOCK,C,C,UF,FALSE,,,19731298
16,10,RESIDENTIAL,FALSE,FALSE,OPEN,,,,UMAR E FAROOQ BLOCK,C,C,UF,FALSE,,,19731298
17,10,RESIDENTIAL,FALSE,FALSE,OPEN,,,,UMAR E FAROOQ BLOCK,C,C,UF,FALSE,,,19731298
18,10,RESIDENTIAL,FALSE,FALSE,OPEN,,,,UMAR E FAROOQ BLOCK,C,C,UF,FALSE,,,19731298
19,10,RESIDENTIAL,FALSE,FALSE,OPEN,,,,UMAR E FAROOQ BLOCK,C,C,UF,FALSE,,,19731298
20,14,RESIDENTIAL,FALSE,TRUE,OPEN,,,,UMAR E FAROOQ BLOCK,C,C,UF,FALSE,,,19731298
21,10,RESIDENTIAL,FALSE,TRUE,OPEN,,,,UMAR E FAROOQ BLOCK,C,C,UF,FALSE,,,19731298
22,7,RESIDENTIAL,FALSE,FALSE,OPEN,,,,UMAR E FAROOQ BLOCK,C,C,UF,FALSE,,,19731298
23,7,RESIDENTIAL,FALSE,FALSE,OPEN,,,,UMAR E FAROOQ BLOCK,C,C,UF,FALSE,,,19731298
24,7,RESIDENTIAL,FALSE,FALSE,OPEN,,,,UMAR E FAROOQ BLOCK,C,C,UF,FALSE,,,19731298
25,10,RESIDENTIAL,FALSE,TRUE,OPEN,,,,UMAR E FAROOQ BLOCK,C,C,UF,FALSE,,,19731298
26,14,RESIDENTIAL,FALSE,TRUE,OPEN,,,,UMAR E FAROOQ BLOCK,C,C,UF,FALSE,,,19731298
27,10,RESIDENTIAL,FALSE,FALSE,OPEN,,,,UMAR E FAROOQ BLOCK,C,C,UF,FALSE,,,19731298
28,10,RESIDENTIAL,FALSE,FALSE,OPEN,,,,UMAR E FAROOQ BLOCK,C,C,UF,FALSE,,,19731298
29,10,RESIDENTIAL,FALSE,FALSE,OPEN,,,,UMAR E FAROOQ BLOCK,C,C,UF,FALSE,,,19731298
30,7,RESIDENTIAL,FALSE,FALSE,OPEN,,,,UMAR E FAROOQ BLOCK,C,C,UF,FALSE,,,19731298
31,7,RESIDENTIAL,FALSE,FALSE,OPEN,,,,UMAR E FAROOQ BLOCK,C,C,UF,FALSE,,,19731298
32,7,RESIDENTIAL,FALSE,FALSE,OPEN,,,,UMAR E FAROOQ BLOCK,C,C,UF,FALSE,,,19731298
33,7,RESIDENTIAL,FALSE,FALSE,OPEN,,,,UMAR E FAROOQ BLOCK,C,C,UF,FALSE,,,19731298
34,7,RESIDENTIAL,FALSE,FALSE,OPEN,,,,UMAR E FAROOQ BLOCK,C,C,UF,FALSE,,,19731298
35,15,RESIDENTIAL,FALSE,TRUE,OPEN,,,,UMAR E FAROOQ BLOCK,C,C,UF,FALSE,,,19731298
36,12,RESIDENTIAL,FALSE,TRUE,OPEN,,,,UMAR E FAROOQ BLOCK,C,C,UF,FALSE,,,19731298
37,7,RESIDENTIAL,FALSE,FALSE,OPEN,,,,UMAR E FAROOQ BLOCK,C,C,UF,FALSE,,,19731298
38,7,RESIDENTIAL,FALSE,FALSE,OPEN,,,,UMAR E FAROOQ BLOCK,C,C,UF,FALSE,,,19731298
39,7,RESIDENTIAL,FALSE,FALSE,OPEN,,,,UMAR E FAROOQ BLOCK,C,C,UF,FALSE,,,19731298
40,7,RESIDENTIAL,FALSE,FALSE,OPEN,,,,UMAR E FAROOQ BLOCK,C,C,UF,FALSE,,,19731298
41,9,RESIDENTIAL,FALSE,FALSE,OPEN,,,,UMAR E FAROOQ BLOCK,C,C,UF,FALSE,,,19731298
42,7,RESIDENTIAL,FALSE,FALSE,OPEN,,,,UMAR E FAROOQ BLOCK,C,C,UF,FALSE,,,19731298
43,7,RESIDENTIAL,FALSE,FALSE,OPEN,,,,UMAR E FAROOQ BLOCK,C,C,UF,FALSE,,,19731298
44,7,RESIDENTIAL,FALSE,FALSE,OPEN,,,,UMAR E FAROOQ BLOCK,C,C,UF,FALSE,,,19731298
45,7,RESIDENTIAL,FALSE,FALSE,OPEN,,,,UMAR E FAROOQ BLOCK,C,C,UF,FALSE,,,19731298
46,10,RESIDENTIAL,FALSE,TRUE,OPEN,,,,UMAR E FAROOQ BLOCK,C,C,UF,FALSE,,,19731298
47,7,RESIDENTIAL,FALSE,TRUE,OPEN,,,,UMAR E FAROOQ BLOCK,C,C,UF,FALSE,,,19731298
48,7,RESIDENTIAL,FALSE,FALSE,OPEN,,,,UMAR E FAROOQ BLOCK,C,C,UF,FALSE,,,19731298
49,7,RESIDENTIAL,FALSE,FALSE,OPEN,,,,UMAR E FAROOQ BLOCK,C,C,UF,FALSE,,,19731298
50,7,RESIDENTIAL,FALSE,FALSE,OPEN,,,,UMAR E FAROOQ BLOCK,C,C,UF,FALSE,,,19731298
51,7,RESIDENTIAL,FALSE,FALSE,OPEN,,,,UMAR E FAROOQ BLOCK,C,C,UF,FALSE,,,19731298
52,7,RESIDENTIAL,FALSE,FALSE,OPEN,,,,UMAR E FAROOQ BLOCK,C,C,UF,FALSE,,,19731298
53,7,RESIDENTIAL,FALSE,FALSE,OPEN,,,,UMAR E FAROOQ BLOCK,C,C,UF,FALSE,,,19731298
54,7,RESIDENTIAL,FALSE,FALSE,OPEN,,,,UMAR E FAROOQ BLOCK,C,C,UF,FALSE,,,19731298
55,7,RESIDENTIAL,FALSE,FALSE,OPEN,,,,UMAR E FAROOQ BLOCK,C,C,UF,FALSE,,,19731298
56,7,RESIDENTIAL,FALSE,FALSE,OPEN,,,,UMAR E FAROOQ BLOCK,C,C,UF,FALSE,,,19731298
57,7,RESIDENTIAL,FALSE,FALSE,OPEN,,,,UMAR E FAROOQ BLOCK,C,C,UF,FALSE,,,19731298
58,7,RESIDENTIAL,FALSE,FALSE,OPEN,,,,UMAR E FAROOQ BLOCK,C,C,UF,FALSE,,,19731298
59,7,RESIDENTIAL,FALSE,FALSE,OPEN,,,,UMAR E FAROOQ BLOCK,C,C,UF,FALSE,,,19731298
60,7,RESIDENTIAL,FALSE,FALSE,OPEN,,,,UMAR E FAROOQ BLOCK,C,C,UF,FALSE,,,19731298
61,7,RESIDENTIAL,FALSE,FALSE,OPEN,,,,UMAR E FAROOQ BLOCK,C,C,UF,FALSE,,,19731298
62,7,RESIDENTIAL,FALSE,FALSE,OPEN,,,,UMAR E FAROOQ BLOCK,C,C,UF,FALSE,,,19731298
63,10,RESIDENTIAL,TRUE,TRUE,OPEN,,,,UMAR E FAROOQ BLOCK,C,C,UF,FALSE,,,19731298
64,9,RESIDENTIAL,FALSE,TRUE,OPEN,,,,UMAR E FAROOQ BLOCK,C,C,UF,FALSE,,,19731298
65,8,RESIDENTIAL,FALSE,FALSE,OPEN,,,,UMAR E FAROOQ BLOCK,C,C,UF,FALSE,,,19731298
66,9,RESIDENTIAL,FALSE,FALSE,OPEN,,,,UMAR E FAROOQ BLOCK,C,C,UF,FALSE,,,19731298
67,8,RESIDENTIAL,FALSE,FALSE,OPEN,,,,UMAR E FAROOQ BLOCK,C,C,UF,FALSE,,,19731298
68,8,RESIDENTIAL,FALSE,FALSE,OPEN,,,,UMAR E FAROOQ BLOCK,C,C,UF,FALSE,,,19731298
69,8,RESIDENTIAL,FALSE,FALSE,OPEN,,,,UMAR E FAROOQ BLOCK,C,C,UF,FALSE,,,19731298
70,8,RESIDENTIAL,FALSE,FALSE,OPEN,,,,UMAR E FAROOQ BLOCK,C,C,UF,FALSE,,,19731298
71,10,RESIDENTIAL,FALSE,FALSE,OPEN,,,,UMAR E FAROOQ BLOCK,C,C,UF,FALSE,,,19731298
72,10,RESIDENTIAL,TRUE,FALSE,OPEN,,,,UMAR E FAROOQ BLOCK,C,C,UF,FALSE,,,19731298
73,10,RESIDENTIAL,TRUE,FALSE,OPEN,,,,UMAR E FAROOQ BLOCK,C,C,UF,FALSE,,,19731298
74,10,RESIDENTIAL,TRUE,FALSE,OPEN,,,,UMAR E FAROOQ BLOCK,C,C,UF,FALSE,,,19731298
75,10,RESIDENTIAL,TRUE,FALSE,OPEN,,,,UMAR E FAROOQ BLOCK,C,C,UF,FALSE,,,19731298
76,7,RESIDENTIAL,FALSE,TRUE,OPEN,,,,UMAR E FAROOQ BLOCK,C,C,UF,FALSE,,,19731298
77,7,RESIDENTIAL,FALSE,FALSE,OPEN,,,,UMAR E FAROOQ BLOCK,C,C,UF,FALSE,,,19731298
78,7,RESIDENTIAL,FALSE,FALSE,OPEN,,,,UMAR E FAROOQ BLOCK,C,C,UF,FALSE,,,19731298
79,7,RESIDENTIAL,FALSE,FALSE,OPEN,,,,UMAR E FAROOQ BLOCK,C,C,UF,FALSE,,,19731298
80,7,RESIDENTIAL,FALSE,FALSE,OPEN,,,,UMAR E FAROOQ BLOCK,C,C,UF,FALSE,,,19731298
81,7,RESIDENTIAL,FALSE,FALSE,OPEN,,,,UMAR E FAROOQ BLOCK,C,C,UF,FALSE,,,19731298
82,7,RESIDENTIAL,FALSE,FALSE,OPEN,,,,UMAR E FAROOQ BLOCK,C,C,UF,FALSE,,,19731298
83,7,RESIDENTIAL,FALSE,FALSE,OPEN,,,,UMAR E FAROOQ BLOCK,C,C,UF,FALSE,,,19731298
84,7,RESIDENTIAL,FALSE,FALSE,OPEN,,,,UMAR E FAROOQ BLOCK,C,C,UF,FALSE,,,19731298
85,7,RESIDENTIAL,FALSE,FALSE,OPEN,,,,UMAR E FAROOQ BLOCK,C,C,UF,FALSE,,,19731298
86,7,RESIDENTIAL,FALSE,FALSE,OPEN,,,,UMAR E FAROOQ BLOCK,C,C,UF,FALSE,,,19731298
87,7,RESIDENTIAL,FALSE,FALSE,OPEN,,,,UMAR E FAROOQ BLOCK,C,C,UF,FALSE,,,19731298
88,7,RESIDENTIAL,FALSE,FALSE,OPEN,,,,UMAR E FAROOQ BLOCK,C,C,UF,FALSE,,,19731298
89,7,RESIDENTIAL,FALSE,FALSE,OPEN,,,,UMAR E FAROOQ BLOCK,C,C,UF,FALSE,,,19731298
90,7,RESIDENTIAL,FALSE,FALSE,OPEN,,,,UMAR E FAROOQ BLOCK,C,C,UF,FALSE,,,19731298
91,7,RESIDENTIAL,FALSE,TRUE,OPEN,,,,UMAR E FAROOQ BLOCK,C,C,UF,FALSE,,,19731298
92,7,RESIDENTIAL,FALSE,TRUE,OPEN,,,,UMAR E FAROOQ BLOCK,C,C,UF,FALSE,,,19731298
93,7,RESIDENTIAL,FALSE,FALSE,OPEN,,,,UMAR E FAROOQ BLOCK,C,C,UF,FALSE,,,19731298
94,7,RESIDENTIAL,FALSE,FALSE,OPEN,,,,UMAR E FAROOQ BLOCK,C,C,UF,FALSE,,,19731298
95,7,RESIDENTIAL,FALSE,FALSE,OPEN,,,,UMAR E FAROOQ BLOCK,C,C,UF,FALSE,,,19731298
96,7,RESIDENTIAL,FALSE,FALSE,OPEN,,,,UMAR E FAROOQ BLOCK,C,C,UF,FALSE,,,19731298
97,7,RESIDENTIAL,FALSE,FALSE,OPEN,,,,UMAR E FAROOQ BLOCK,C,C,UF,FALSE,,,19731298
98,7,RESIDENTIAL,FALSE,FALSE,OPEN,,,,UMAR E FAROOQ BLOCK,C,C,UF,FALSE,,,19731298
99,7,RESIDENTIAL,FALSE,FALSE,OPEN,,,,UMAR E FAROOQ BLOCK,C,C,UF,FALSE,,,19731298
100,7,RESIDENTIAL,FALSE,FALSE,OPEN,,,,UMAR E FAROOQ BLOCK,C,C,UF,FALSE,,,19731298
101,7,RESIDENTIAL,FALSE,FALSE,OPEN,,,,UMAR E FAROOQ BLOCK,C,C,UF,FALSE,,,19731298
102,7,RESIDENTIAL,FALSE,FALSE,OPEN,,,,UMAR E FAROOQ BLOCK,C,C,UF,FALSE,,,19731298
103,7,RESIDENTIAL,FALSE,FALSE,OPEN,,,,UMAR E FAROOQ BLOCK,C,C,UF,FALSE,,,19731298
104,7,RESIDENTIAL,FALSE,FALSE,OPEN,,,,UMAR E FAROOQ BLOCK,C,C,UF,FALSE,,,19731298
105,7,RESIDENTIAL,FALSE,FALSE,OPEN,,,,UMAR E FAROOQ BLOCK,C,C,UF,FALSE,,,19731298
106,7,RESIDENTIAL,FALSE,FALSE,OPEN,,,,UMAR E FAROOQ BLOCK,C,C,UF,FALSE,,,19731298
107,7,RESIDENTIAL,TRUE,TRUE,OPEN,,,,UMAR E FAROOQ BLOCK,C,C,UF,FALSE,,,19731298
108,10,RESIDENTIAL,FALSE,FALSE,OPEN,,,,UMAR E FAROOQ BLOCK,C,C,UF,FALSE,,,19731298
109,10,RESIDENTIAL,FALSE,FALSE,OPEN,,,,UMAR E FAROOQ BLOCK,C,C,UF,FALSE,,,19731298
110,10,RESIDENTIAL,FALSE,FALSE,OPEN,,,,UMAR E FAROOQ BLOCK,C,C,UF,FALSE,,,19731298
111,10,RESIDENTIAL,FALSE,FALSE,OPEN,,,,UMAR E FAROOQ BLOCK,C,C,UF,FALSE,,,19731298
112,10,RESIDENTIAL,FALSE,FALSE,OPEN,,,,UMAR E FAROOQ BLOCK,C,C,UF,FALSE,,,19731298
113,10,RESIDENTIAL,FALSE,FALSE,OPEN,,,,UMAR E FAROOQ BLOCK,C,C,UF,FALSE,,,19731298
114,14,RESIDENTIAL,FALSE,FALSE,OPEN,,,,UMAR E FAROOQ BLOCK,C,C,UF,FALSE,,,19731298
115,5,RESIDENTIAL,FALSE,FALSE,OPEN,,,,UMAR E FAROOQ BLOCK,C,C,UF,FALSE,,,19731298
116,5,RESIDENTIAL,FALSE,FALSE,OPEN,,,,UMAR E FAROOQ BLOCK,C,C,UF,FALSE,,,19731298
117,5,RESIDENTIAL,FALSE,FALSE,OPEN,,,,UMAR E FAROOQ BLOCK,C,C,UF,FALSE,,,19731298
118,5,RESIDENTIAL,FALSE,FALSE,OPEN,,,,UMAR E FAROOQ BLOCK,C,C,UF,FALSE,,,19731298
119,5,RESIDENTIAL,FALSE,FALSE,OPEN,,,,UMAR E FAROOQ BLOCK,C,C,UF,FALSE,,,19731298
120,5,RESIDENTIAL,FALSE,FALSE,OPEN,,,,UMAR E FAROOQ BLOCK,C,C,UF,FALSE,,,19731298
121,5,RESIDENTIAL,FALSE,FALSE,OPEN,,,,UMAR E FAROOQ BLOCK,C,C,UF,FALSE,,,19731298
122,5,RESIDENTIAL,FALSE,TRUE,OPEN,,,,UMAR E FAROOQ BLOCK,C,C,UF,FALSE,,,19731298
